testing_image,time_taken,indices_list
/Users/abhishekvaidyanathan/Downloads/geological_similarity/schist/Y2EYD.jpg,0.161391019821167,"[28987, 29721, 26480, 27777, 27910, 28884, 27134, 26960, 25495, 25380, 25043, 29766, 26584, 25034, 27211, 27569, 29742, 29282, 28758, 26934, 25604, 25435, 27106, 27616, 29884, 25208, 25286, 29136, 28464, 29168, 26982, 27540, 26808, 8138, 26755, 26731, 9801, 8728, 9788, 27284, 28555, 6035, 5323, 6290, 5693, 27566, 27015, 7484, 27374, 29858]"
/Users/abhishekvaidyanathan/Downloads/geological_similarity/andesite/TAL3N.jpg,0.054930925369262695,"[4024, 18457, 18045, 4621, 2603, 2136, 1378, 3004, 17633, 18480, 17441, 19945, 3496, 16578, 18189, 17458, 3787, 2256, 17675, 3999, 19239, 551, 17042, 2062, 15896, 16032, 16512, 18953, 18843, 15877, 17665, 2792, 16878, 3977, 15852, 19228, 2904, 15234, 18850, 15853, 17105, 19576, 17131, 17946, 3216, 15817, 16701, 17692, 18828, 19483]"
/Users/abhishekvaidyanathan/Downloads/geological_similarity/marble/V9D6O.jpg,0.05513119697570801,"[14490, 11453, 10826, 12852, 13521, 14360, 11642, 11812, 13337, 13535, 12219, 11988, 13881, 11245, 13722, 12352, 11118, 10579, 12182, 13269, 14976, 10969, 10862, 10953, 12044, 12439, 14838, 10177, 14845, 13387, 14483, 12948, 10798, 14587, 11915, 12066, 13796, 11362, 13005, 14351, 14209, 11078, 13983, 13106, 12545, 14889, 14208, 12116, 10968, 13819]"
/Users/abhishekvaidyanathan/Downloads/geological_similarity/andesite/I0ESQ.jpg,0.05175209045410156,"[2409, 4209, 2321, 19896, 133, 1054, 4837, 17268, 3769, 465, 3460, 2124, 3397, 16469, 3000, 17165, 4422, 3660, 3761, 4244, 2877, 1133, 17508, 923, 599, 959, 143, 1646, 2344, 17001, 2972, 19338, 2623, 3007, 3140, 983, 1529, 18065, 3433, 655, 2267, 1203, 1993, 1638, 16755, 3786, 2988, 2386, 17582, 217]"
/Users/abhishekvaidyanathan/Downloads/geological_similarity/quartzite/TKRLF.jpg,0.051695823669433594,"[19134, 15048, 17313, 19211, 17983, 19788, 18260, 15705, 16098, 15872, 19549, 19608, 15736, 17624, 18177, 16337, 18728, 16551, 18612, 19627, 19689, 19265, 16481, 16168, 15737, 16810, 16410, 18644, 16173, 17873, 15791, 17150, 15055, 16637, 16200, 18207, 16031, 19171, 15232, 17369, 16023, 18704, 15617, 15647, 17494, 16640, 19259, 15712, 17071, 19091]"
/Users/abhishekvaidyanathan/Downloads/geological_similarity/andesite/WWBV4.jpg,0.05255699157714844,"[1268, 461, 18176, 19510, 15637, 882, 3307, 4579, 3158, 2064, 3696, 4433, 3189, 4147, 3697, 1810, 17441, 3508, 1592, 19725, 1846, 17767, 15175, 26, 1232, 425, 3472, 17174, 3293, 3955, 1841, 15755, 611, 19593, 2800, 1624, 698, 909, 1780, 19007, 3232, 4592, 19472, 3315, 756, 4964, 15060, 17567, 2769, 18797]"
/Users/abhishekvaidyanathan/Downloads/geological_similarity/marble/RZQ7W.jpg,0.06966519355773926,"[10773, 13671, 13965, 13839, 10655, 10459, 13578, 14399, 13751, 22552, 11068, 14448, 14251, 22682, 14175, 20619, 10894, 12337, 14408, 11694, 11120, 22465, 14562, 20230, 11259, 13118, 12524, 10033, 11025, 13717, 13210, 11266, 11015, 10986, 12901, 11448, 11664, 14340, 13954, 13548, 13974, 10838, 12527, 10756, 14640, 13399, 22523, 10167, 14127, 12869]"
/Users/abhishekvaidyanathan/Downloads/geological_similarity/marble/WJJM5.jpg,0.0688321590423584,"[14535, 13574, 10872, 11845, 10489, 13435, 13842, 14730, 14677, 11623, 14743, 13962, 13693, 10694, 13162, 13215, 11173, 12180, 12269, 12016, 11696, 13503, 12467, 10985, 11910, 12743, 14365, 11249, 11288, 10919, 12430, 14774, 12944, 13343, 10557, 14682, 14671, 14300, 13651, 10002, 11441, 13027, 13134, 14303, 11086, 13111, 14476, 10062, 13701, 13222]"
/Users/abhishekvaidyanathan/Downloads/geological_similarity/quartzite/VA6D6.jpg,0.07630014419555664,"[17715, 3681, 19827, 15302, 18338, 18105, 2441, 4475, 4222, 19372, 19839, 325, 803, 806, 17704, 2716, 3972, 17212, 18114, 18068, 879, 2394, 18821, 2247, 478, 18442, 3544, 2752, 1967, 395, 2169, 276, 4863, 796, 3624, 16438, 4880, 18181, 16411, 3284, 626, 3079, 18451, 1608, 687, 4627, 3813, 19228, 16340, 693]"
/Users/abhishekvaidyanathan/Downloads/geological_similarity/andesite/7SWNG.jpg,0.07092595100402832,"[3368, 4026, 2205, 3286, 2245, 1467, 3005, 1747, 4359, 320, 15915, 4651, 4868, 1072, 4089, 2468, 3515, 1712, 7, 1069, 459, 1933, 4824, 227, 18347, 2720, 4782, 1951, 1727, 4884, 2439, 1377, 433, 1239, 4161, 2431, 2178, 2082, 244, 4852, 4483, 3683, 1995, 3462, 17373, 2721, 3629, 3634, 1408, 4324]"
/Users/abhishekvaidyanathan/Downloads/geological_similarity/schist/TRQ20.jpg,0.0670769214630127,"[5654, 8069, 8231, 5013, 27443, 9434, 6330, 25027, 26273, 28276, 9538, 9171, 7304, 29658, 9968, 9213, 6961, 8495, 6025, 8408, 8005, 26710, 6533, 25378, 9758, 6911, 29112, 5906, 7961, 26762, 6145, 8525, 8593, 7651, 7966, 9056, 6485, 7275, 27686, 8488, 5191, 6217, 8654, 26761, 6383, 9854, 5114, 27877, 9622, 27765]"
/Users/abhishekvaidyanathan/Downloads/geological_similarity/schist/CYLLR.jpg,0.06739687919616699,"[26042, 8445, 28027, 28637, 29624, 5107, 28730, 28768, 26506, 28322, 25157, 27331, 28957, 27313, 6746, 6858, 27378, 7240, 28376, 26067, 29446, 28363, 28228, 27929, 9433, 29762, 29378, 25878, 28394, 5618, 25103, 25009, 9159, 5316, 9671, 29427, 25173, 7942, 26782, 26311, 26605, 28346, 5840, 25372, 27455, 6267, 8699, 25783, 28710, 6687]"
/Users/abhishekvaidyanathan/Downloads/geological_similarity/quartzite/A2C4Q.jpg,0.054197072982788086,"[16361, 18116, 17292, 17233, 18827, 15647, 18479, 15077, 16120, 18792, 18622, 19128, 19224, 18543, 17150, 2744, 17313, 18796, 15941, 18542, 18901, 15807, 15133, 16242, 19259, 15945, 19620, 16001, 16202, 18762, 18539, 18836, 15712, 15048, 19761, 15024, 19960, 17993, 18856, 17031, 16930, 17128, 19000, 16424, 19352, 15846, 17378, 19254, 15011, 18217]"
/Users/abhishekvaidyanathan/Downloads/geological_similarity/schist/TO3I0.jpg,0.05235004425048828,"[29624, 26199, 28187, 26544, 5256, 8445, 27217, 28957, 29745, 27506, 26605, 26467, 5995, 25518, 6977, 7844, 29555, 26506, 28768, 27206, 26043, 27358, 28686, 27532, 7111, 9160, 27770, 27668, 25186, 29762, 28131, 8903, 29103, 28522, 28721, 29850, 26569, 28005, 29380, 9815, 27678, 25419, 6286, 28730, 7334, 7732, 9275, 25223, 28275, 29308]"
/Users/abhishekvaidyanathan/Downloads/geological_similarity/rhyolite/5Q3SD.jpg,0.05299687385559082,"[27636, 341, 27008, 25559, 20815, 26820, 2253, 26194, 2199, 24906, 29390, 25791, 26484, 27777, 25177, 1334, 29183, 1641, 26260, 556, 25646, 29805, 4973, 6035, 7518, 27167, 2101, 8921, 24106, 29862, 1984, 3316, 25604, 542, 28475, 3670, 3514, 25410, 29109, 26222, 26584, 27401, 720, 748, 21582, 3730, 2205, 27616, 1377, 1206]"
/Users/abhishekvaidyanathan/Downloads/geological_similarity/marble/PJTT4.jpg,0.07053685188293457,"[14638, 12535, 12866, 13615, 13256, 13096, 11360, 11110, 10652, 13495, 13242, 12107, 10261, 10961, 13566, 11367, 14447, 14684, 12020, 13680, 12286, 14585, 10828, 13845, 11663, 13981, 11851, 11508, 10151, 12772, 11619, 12134, 11261, 11373, 10956, 14726, 10272, 14026, 13459, 11591, 11188, 11042, 10419, 14020, 13265, 11520, 14784, 14546, 12936, 10920]"
/Users/abhishekvaidyanathan/Downloads/geological_similarity/schist/F81NS.jpg,0.051554203033447266,"[28826, 27228, 27787, 27596, 8812, 28705, 27096, 28585, 26761, 7731, 26799, 26177, 29658, 28897, 26673, 28855, 6478, 8738, 9056, 28382, 26710, 5234, 7384, 7477, 6911, 6004, 5156, 29787, 6845, 29833, 9434, 5114, 7895, 6383, 7247, 8138, 9622, 29076, 26967, 26787, 8870, 9926, 28060, 8495, 5369, 26273, 27837, 6533, 8111, 9795]"
/Users/abhishekvaidyanathan/Downloads/geological_similarity/gneiss/UG2J5.jpg,0.05390214920043945,"[7702, 9207, 29021, 9414, 9989, 7665, 7006, 9632, 29453, 5444, 6594, 25648, 5273, 5815, 2605, 29603, 8952, 26289, 6094, 27243, 5445, 29796, 26030, 6902, 28679, 7521, 7627, 9919, 25347, 9808, 8797, 27078, 6325, 25255, 9083, 9960, 8668, 26036, 5579, 27372, 29359, 25925, 29237, 25202, 27493, 8649, 28444, 8704, 26850, 6799]"
/Users/abhishekvaidyanathan/Downloads/geological_similarity/rhyolite/0P8UX.jpg,0.0684361457824707,"[22098, 23544, 20433, 21701, 15377, 23826, 29064, 1383, 2757, 22122, 26551, 4403, 672, 23684, 21979, 29609, 2867, 21729, 26634, 25799, 21875, 27407, 28182, 7982, 21774, 24898, 22540, 29391, 29521, 995, 19534, 26401, 20274, 22829, 16134, 23377, 28101, 26758, 4233, 4073, 27808, 703, 27170, 26330, 18389, 876, 29759, 2684, 709, 24896]"
/Users/abhishekvaidyanathan/Downloads/geological_similarity/andesite/EJMR4.jpg,0.05830812454223633,"[18045, 15817, 15164, 17150, 16323, 2623, 19945, 16512, 1137, 17426, 17901, 15678, 18708, 2697, 16322, 18542, 16032, 15080, 2062, 467, 15048, 17076, 16748, 15500, 1532, 16410, 17391, 18665, 17623, 19523, 19239, 4014, 15098, 2525, 15533, 18116, 16914, 17173, 17633, 16833, 15627, 149, 18659, 15775, 15608, 18230, 2834, 394, 3719, 19105]"
/Users/abhishekvaidyanathan/Downloads/geological_similarity/gneiss/H3A2C.jpg,0.054086923599243164,"[7819, 6961, 7614, 6330, 9731, 9068, 7485, 25155, 29967, 8657, 9954, 9333, 29434, 5882, 8314, 26411, 25720, 7750, 9786, 9563, 7428, 9643, 7652, 29165, 6698, 9836, 5147, 9497, 8849, 28968, 9202, 6885, 6968, 5889, 5013, 8328, 26710, 7961, 9620, 29564, 5691, 29207, 9435, 29981, 5494, 5638, 8231, 7840, 9623, 7429]"
/Users/abhishekvaidyanathan/Downloads/geological_similarity/andesite/9K1CN.jpg,0.05239605903625488,"[1326, 4819, 4581, 1633, 360, 1686, 3203, 125, 4685, 2123, 16974, 3140, 916, 4939, 4722, 3076, 2086, 2685, 2227, 2116, 1732, 2417, 3503, 4240, 3397, 3101, 18521, 3185, 17528, 4116, 4168, 3596, 17520, 17154, 2419, 2550, 15298, 15502, 2224, 1128, 3840, 1036, 2318, 2687, 1650, 17755, 1929, 2407, 4960, 1375]"
/Users/abhishekvaidyanathan/Downloads/geological_similarity/marble/LXD9I.jpg,0.05318808555603027,"[11088, 14557, 12537, 11111, 11428, 13274, 12852, 11809, 13564, 14681, 11194, 14520, 12142, 14203, 11168, 14102, 12172, 10143, 13135, 12043, 13205, 12948, 12439, 14055, 11858, 10655, 12156, 13965, 12187, 12188, 12080, 22523, 11385, 10894, 13774, 14382, 11636, 13722, 13600, 13013, 12699, 11643, 13072, 13468, 13717, 12314, 12175, 14990, 12112, 10117]"
/Users/abhishekvaidyanathan/Downloads/geological_similarity/gneiss/2PF15.jpg,0.05171990394592285,"[8328, 5692, 9620, 6102, 7209, 8045, 5393, 8994, 8231, 5374, 7966, 29315, 9331, 6282, 7859, 9171, 9952, 6509, 27053, 6992, 6873, 9787, 8873, 9497, 8112, 8005, 5517, 9968, 8055, 6929, 9639, 8888, 7961, 6027, 7237, 5755, 8525, 5394, 5493, 7429, 9758, 5470, 7482, 6868, 6396, 7646, 7491, 7635, 8931, 9731]"
/Users/abhishekvaidyanathan/Downloads/geological_similarity/marble/8ZR06.jpg,0.051892995834350586,"[13614, 11287, 10262, 10440, 10483, 11389, 13169, 14962, 13936, 11793, 10148, 11035, 12327, 12202, 13002, 12607, 11768, 11224, 12814, 10190, 12540, 11505, 10411, 14119, 10595, 11473, 10779, 11199, 14172, 10616, 12151, 11494, 10388, 10075, 13073, 14816, 12524, 13549, 12670, 13654, 11909, 10373, 10261, 12130, 12582, 11896, 13171, 11537, 14709, 13578]"
/Users/abhishekvaidyanathan/Downloads/geological_similarity/quartzite/Q0ZDQ.jpg,0.051483154296875,"[15133, 18622, 15922, 15077, 15498, 19884, 18728, 16120, 17292, 18542, 17233, 17150, 17523, 18901, 19945, 16323, 17158, 18498, 19352, 18442, 2744, 15678, 17339, 2669, 15902, 18682, 15608, 15791, 16168, 18217, 17985, 17199, 19097, 16816, 16581, 16337, 15055, 16991, 19224, 3040, 17291, 15048, 15764, 19772, 2697, 18754, 1433, 18505, 17529, 15737]"
/Users/abhishekvaidyanathan/Downloads/geological_similarity/rhyolite/JPKX6.jpg,0.05121922492980957,"[3317, 1781, 24185, 6199, 2821, 7035, 25045, 22042, 672, 1915, 23212, 21823, 20871, 1712, 3351, 855, 4335, 1083, 3549, 2714, 29095, 4298, 23956, 20367, 5388, 4483, 22633, 2050, 24552, 9306, 21582, 21167, 4305, 7478, 5063, 22133, 21612, 3670, 22349, 27263, 27901, 5780, 1794, 23870, 24947, 21803, 3211, 1641, 29482, 27419]"
/Users/abhishekvaidyanathan/Downloads/geological_similarity/gneiss/9L9GK.jpg,0.05083489418029785,"[6016, 7593, 5666, 9041, 7189, 6725, 27235, 6104, 5984, 8954, 5790, 7514, 6951, 5086, 8820, 8802, 5491, 9162, 9096, 7524, 7012, 9203, 5342, 6715, 5054, 7577, 7712, 28894, 27853, 6677, 5749, 28893, 28218, 5365, 9917, 6213, 28809, 29457, 9637, 9930, 9615, 9006, 9455, 6523, 5312, 27483, 6337, 27781, 8823, 9623]"
/Users/abhishekvaidyanathan/Downloads/geological_similarity/rhyolite/D3KO6.jpg,0.05178689956665039,"[341, 4267, 20396, 2670, 24167, 20424, 22936, 24301, 21582, 22032, 451, 294, 24874, 24941, 20846, 1520, 20175, 4063, 20327, 20761, 22636, 22309, 4578, 27438, 4251, 24711, 2361, 27720, 29136, 27783, 3514, 20187, 1931, 1984, 22912, 22893, 26018, 23566, 2199, 345, 28643, 21627, 25117, 24553, 29457, 1544, 62, 25867, 28076, 20822]"
/Users/abhishekvaidyanathan/Downloads/geological_similarity/schist/1UPGE.jpg,0.06001591682434082,"[27406, 26454, 25901, 29186, 29118, 25889, 26100, 26839, 26609, 28463, 28547, 26500, 29053, 28184, 29755, 27597, 26752, 26179, 29055, 27025, 25831, 28402, 28441, 28406, 25004, 25249, 27504, 25407, 27674, 9025, 5161, 26426, 28726, 28153, 27869, 27227, 29464, 26004, 27152, 29311, 6910, 9473, 28095, 27556, 6901, 6730, 27782, 7847, 26111, 29899]"
/Users/abhishekvaidyanathan/Downloads/geological_similarity/marble/KAO3N.jpg,0.05179786682128906,"[11614, 14989, 12397, 12067, 13771, 14023, 10191, 11164, 10605, 13942, 13103, 11504, 10753, 14779, 11333, 10178, 12598, 13668, 11277, 13043, 13944, 13142, 12929, 11510, 12850, 11626, 14435, 13467, 11279, 11542, 12163, 13914, 11419, 13984, 11016, 14462, 12784, 12920, 14738, 13920, 13501, 13403, 14822, 10255, 13260, 13806, 12009, 13394, 10517, 12120]"
/Users/abhishekvaidyanathan/Downloads/geological_similarity/rhyolite/X6GYQ.jpg,0.05141878128051758,"[24604, 21838, 20496, 9916, 24851, 8826, 23012, 23782, 26085, 25185, 23413, 25325, 29157, 27908, 23549, 27493, 28511, 21001, 21782, 26795, 25470, 23295, 5358, 26088, 20535, 22857, 24988, 25382, 20414, 27324, 29994, 21519, 22130, 7613, 23859, 22450, 8827, 26919, 29347, 21417, 26408, 27470, 27099, 25246, 21771, 26914, 3374, 24717, 20804, 24037]"
/Users/abhishekvaidyanathan/Downloads/geological_similarity/schist/R0MEW.jpg,0.06634902954101562,"[9887, 8699, 25834, 7383, 25811, 9681, 6406, 9167, 6819, 25953, 28997, 8253, 5689, 8138, 5913, 27709, 7137, 7800, 8508, 7917, 7142, 5755, 25544, 25435, 5903, 25602, 9658, 8605, 8720, 5369, 7219, 8112, 5777, 5237, 28759, 6383, 6631, 9434, 7549, 8495, 8365, 9639, 8377, 6911, 5234, 5746, 7966, 8994, 8870, 7517]"
/Users/abhishekvaidyanathan/Downloads/geological_similarity/rhyolite/Z5TZJ.jpg,0.05726909637451172,"[4139, 21923, 24229, 20085, 4449, 2039, 24427, 20204, 23306, 861, 23229, 21924, 2327, 2285, 1500, 20106, 3656, 20505, 3317, 28208, 2945, 24180, 22831, 21877, 24281, 4273, 24906, 21526, 136, 22971, 26956, 28935, 25095, 1888, 1676, 4629, 20823, 20475, 2830, 28939, 1474, 28028, 22198, 2063, 2337, 22090, 22305, 26719, 2791, 27014]"
/Users/abhishekvaidyanathan/Downloads/geological_similarity/gneiss/VIV0P.jpg,0.05216073989868164,"[8190, 8812, 9941, 9862, 8525, 7275, 6217, 8124, 8070, 6928, 8416, 8613, 7562, 7018, 29549, 7754, 8182, 9674, 7528, 5397, 8174, 27787, 8981, 6243, 8799, 9427, 9209, 6420, 9393, 7500, 5234, 6240, 8468, 6005, 5483, 7347, 5685, 6701, 9760, 25406, 9435, 9485, 8623, 26273, 9576, 8870, 9028, 6830, 8408, 28539]"
/Users/abhishekvaidyanathan/Downloads/geological_similarity/gneiss/Z3BPH.jpg,0.05153822898864746,"[9485, 8138, 9056, 8034, 9028, 7895, 7142, 7953, 7800, 9979, 9347, 8462, 7917, 7754, 6803, 9016, 9801, 7294, 6250, 9658, 7275, 7636, 8004, 7528, 6243, 9085, 9853, 8508, 6240, 7103, 6012, 5237, 9297, 9323, 5232, 9520, 8720, 8159, 6009, 5991, 5949, 5032, 9299, 6217, 6067, 5724, 9887, 9946, 9465, 5877]"
/Users/abhishekvaidyanathan/Downloads/geological_similarity/schist/TDCQF.jpg,0.05089092254638672,"[29057, 5921, 7367, 7505, 9975, 6285, 9216, 9021, 9421, 9325, 7556, 7970, 5621, 6821, 9768, 6650, 25362, 29493, 25547, 25226, 7312, 7525, 25763, 9666, 7915, 7638, 28972, 6717, 28930, 27404, 25115, 6997, 27579, 5554, 27815, 9953, 7820, 28076, 5707, 9260, 9807, 5488, 7092, 27411, 6975, 6666, 7962, 28906, 5020, 7204]"
/Users/abhishekvaidyanathan/Downloads/geological_similarity/gneiss/LHZQ3.jpg,0.05174994468688965,"[7577, 6016, 9264, 8039, 7712, 9455, 8049, 9930, 9073, 9637, 7524, 6920, 9004, 6620, 7736, 9915, 6698, 8179, 6928, 9719, 5984, 5317, 7687, 5327, 5698, 5332, 7753, 5251, 8157, 6523, 6053, 27483, 7208, 6342, 5014, 7012, 8934, 9721, 6826, 5843, 5214, 5790, 10746, 5611, 5923, 9267, 8644, 9555, 4214, 9665]"
/Users/abhishekvaidyanathan/Downloads/geological_similarity/rhyolite/3D6YT.jpg,0.05055093765258789,"[21289, 22390, 20632, 24659, 20492, 23687, 451, 20988, 21947, 20738, 21073, 20690, 23787, 21374, 23018, 21114, 23010, 22405, 21470, 22161, 24665, 21943, 23321, 4267, 20868, 21130, 24422, 24815, 20761, 26208, 26672, 2670, 23357, 22021, 22666, 24004, 23275, 23708, 23949, 20327, 22856, 20233, 20424, 20704, 23781, 21217, 20105, 24280, 22577, 6216]"
/Users/abhishekvaidyanathan/Downloads/geological_similarity/andesite/OKQC0.jpg,0.050662994384765625,"[3381, 4939, 1326, 552, 18189, 2525, 2685, 16798, 3397, 1217, 3698, 4581, 4168, 3282, 2812, 4993, 4762, 382, 1181, 621, 4819, 1399, 465, 4551, 17154, 3830, 17528, 2256, 19012, 3028, 298, 4630, 4176, 1750, 2647, 4429, 125, 2386, 3190, 23, 3185, 16488, 3081, 2777, 4407, 428, 3441, 1511, 4412, 3103]"
/Users/abhishekvaidyanathan/Downloads/geological_similarity/quartzite/7FI6P.jpg,0.05068373680114746,"[16637, 18250, 18479, 15647, 15077, 19259, 15712, 17894, 18681, 17150, 18543, 15011, 2669, 16120, 4750, 17947, 15303, 1872, 19224, 17146, 17233, 15048, 15945, 16424, 15112, 15807, 16337, 18429, 15124, 16358, 17575, 19363, 2744, 16361, 16971, 18542, 19099, 16409, 18704, 17229, 19000, 15055, 3385, 18827, 19211, 17313, 17525, 15478, 16180, 18443]"
/Users/abhishekvaidyanathan/Downloads/geological_similarity/quartzite/YI26R.jpg,0.05107688903808594,"[19804, 19525, 17292, 15107, 19815, 19767, 16384, 19047, 16095, 18250, 17549, 17568, 16492, 17171, 18622, 16047, 16682, 18479, 16017, 18047, 18449, 18704, 18190, 16649, 17529, 17610, 19425, 16501, 18638, 19831, 17202, 19063, 16319, 17929, 19094, 19194, 16242, 18472, 18889, 16079, 16236, 17894, 15024, 18758, 15744, 19397, 16425, 19189, 18498, 18677]"
/Users/abhishekvaidyanathan/Downloads/geological_similarity/andesite/XSZDF.jpg,0.05124402046203613,"[4716, 27279, 26934, 27762, 29862, 25164, 27503, 29698, 27540, 6503, 29533, 5806, 29136, 8799, 27929, 25947, 28181, 6478, 25709, 28942, 7183, 25360, 6412, 25554, 7101, 27134, 28936, 26982, 29109, 26472, 28272, 26919, 25275, 7098, 29714, 27015, 25502, 29004, 28276, 26104, 6914, 2997, 28420, 7925, 26492, 4929, 27211, 7275, 29479, 9330]"
/Users/abhishekvaidyanathan/Downloads/geological_similarity/schist/Q8CBJ.jpg,0.04992938041687012,"[25319, 27314, 29466, 29052, 27333, 26275, 25903, 28664, 29992, 28058, 26630, 26583, 29036, 28085, 29650, 7087, 26472, 8174, 27011, 5191, 25098, 26450, 7873, 28650, 28220, 26892, 29019, 28003, 28570, 27042, 27430, 26524, 29803, 6807, 29680, 27592, 28720, 26138, 25684, 9635, 7901, 6018, 25251, 5526, 26802, 7500, 8312, 28377, 7371, 25363]"
/Users/abhishekvaidyanathan/Downloads/geological_similarity/schist/F1VFW.jpg,0.05121302604675293,"[27254, 27072, 27963, 26146, 25471, 28882, 26188, 26219, 25902, 29784, 29756, 25137, 28978, 26681, 25331, 28331, 28769, 25060, 7397, 28057, 27659, 27719, 25883, 26261, 7667, 25855, 29504, 28960, 7942, 25301, 29581, 28405, 27501, 27882, 25133, 26809, 29390, 25218, 29402, 27585, 29753, 27836, 26373, 27313, 26724, 29980, 27053, 6992, 26507, 29403]"
/Users/abhishekvaidyanathan/Downloads/geological_similarity/gneiss/JCKZ9.jpg,0.05324387550354004,"[7642, 6558, 8232, 5639, 9755, 9713, 8810, 8961, 9914, 5998, 9558, 9618, 8510, 7811, 6424, 9013, 26546, 9338, 6651, 6834, 6489, 9003, 6642, 5656, 6686, 6767, 5120, 9320, 7106, 29664, 27474, 5141, 9362, 13846, 8818, 6903, 26779, 6662, 6257, 8487, 27923, 8441, 7385, 5737, 7019, 5973, 6797, 8536, 8879, 8456]"
/Users/abhishekvaidyanathan/Downloads/geological_similarity/andesite/2UFQF.jpg,0.05181002616882324,"[1267, 18097, 15993, 19338, 19562, 19605, 16755, 16084, 3385, 529, 2733, 2525, 15112, 4257, 4168, 959, 3930, 2117, 17165, 19790, 3577, 2413, 306, 390, 1342, 971, 3397, 3786, 3178, 18443, 1106, 360, 2184, 18134, 17992, 94, 4601, 1456, 15502, 18757, 1679, 1449, 190, 4785, 3510, 330, 1368, 2429, 254, 3378]"
/Users/abhishekvaidyanathan/Downloads/geological_similarity/quartzite/B6150.jpg,0.05078005790710449,"[18925, 15552, 18574, 15021, 19157, 15608, 18717, 16624, 15673, 17916, 16515, 17144, 18512, 19190, 16546, 16620, 17418, 16226, 18984, 18995, 18779, 15586, 16869, 17052, 17280, 17323, 15928, 16533, 18943, 19719, 16246, 17149, 19718, 18322, 15838, 18516, 19018, 19522, 15577, 16230, 15644, 19884, 19305, 18628, 16481, 16524, 17883, 17999, 19519, 16511]"
/Users/abhishekvaidyanathan/Downloads/geological_similarity/marble/A7OEO.jpg,0.05247807502746582,"[11259, 13189, 11923, 11641, 11694, 13002, 13578, 11025, 13210, 11828, 10373, 12832, 13654, 10035, 14507, 14408, 14340, 10855, 11742, 12524, 11617, 10473, 14871, 14799, 12901, 10349, 11143, 14660, 11325, 14810, 14214, 22552, 13656, 14532, 10668, 12087, 14751, 13025, 12856, 10585, 13216, 13034, 11015, 10021, 14446, 13171, 10298, 12785, 12540, 13438]"
/Users/abhishekvaidyanathan/Downloads/geological_similarity/gneiss/WFU1B.jpg,0.05509305000305176,"[7204, 9368, 13487, 8497, 5836, 7655, 9488, 8241, 8215, 7578, 9745, 8851, 6226, 13100, 10064, 7844, 8806, 9495, 5108, 14414, 13391, 8233, 5662, 11056, 26467, 5006, 6016, 11085, 9314, 8941, 7809, 25432, 5081, 8494, 11702, 9216, 6352, 13416, 8879, 13673, 7265, 6254, 5320, 11497, 8023, 7505, 7993, 7660, 9787, 9261]"
/Users/abhishekvaidyanathan/Downloads/geological_similarity/marble/B9A6F.jpg,0.0630960464477539,"[13177, 12778, 10840, 11613, 10220, 12835, 13978, 13315, 11291, 12686, 10124, 14075, 14926, 11840, 10610, 14380, 13575, 13321, 14332, 14702, 14930, 12960, 13131, 12880, 10587, 10727, 11517, 10313, 14604, 12724, 13393, 14943, 12449, 10421, 12677, 12355, 10212, 14320, 12131, 14667, 13951, 12030, 13384, 12280, 10949, 10480, 14995, 10102, 12888, 14888]"
/Users/abhishekvaidyanathan/Downloads/geological_similarity/andesite/3K4BQ.jpg,0.055174827575683594,"[3265, 1712, 805, 3670, 4977, 55, 3744, 1823, 1377, 1027, 3316, 3602, 244, 4511, 4345, 1146, 2821, 28, 1510, 4448, 1641, 115, 2287, 2402, 2308, 2975, 3147, 1311, 3927, 4359, 4252, 2721, 4298, 1178, 1984, 1467, 1500, 493, 4352, 1829, 396, 4622, 3330, 4434, 3974, 1224, 3690, 2566, 4911, 2574]"
/Users/abhishekvaidyanathan/Downloads/geological_similarity/andesite/Z5AWH.jpg,0.054450035095214844,"[16959, 559, 17099, 4372, 553, 649, 4243, 1977, 18964, 911, 3327, 3007, 17755, 19015, 18858, 19090, 18553, 4824, 3462, 1133, 4882, 1108, 2577, 147, 3109, 1072, 3343, 17754, 15086, 4235, 343, 18751, 3490, 4729, 3788, 5220, 3959, 18423, 2934, 16733, 19801, 2330, 2395, 3981, 15150, 2419, 5, 3588, 361, 1222]"
/Users/abhishekvaidyanathan/Downloads/geological_similarity/andesite/8KNGB.jpg,0.051753997802734375,"[1182, 2009, 873, 2842, 2262, 150, 1808, 2079, 4289, 3504, 184, 4673, 4024, 4621, 3686, 4394, 925, 16942, 2603, 1249, 4711, 3995, 2454, 314, 2211, 1697, 4110, 2004, 1374, 901, 15513, 18457, 4771, 15817, 3220, 16701, 23049, 4777, 3012, 4753, 1013, 2087, 3862, 2654, 16032, 4639, 3994, 428, 247, 3004]"
/Users/abhishekvaidyanathan/Downloads/geological_similarity/gneiss/B07UC.jpg,0.052719831466674805,"[8478, 6181, 8144, 6148, 7635, 8503, 6529, 8605, 6099, 6101, 7728, 6211, 28888, 8029, 9000, 9974, 8296, 6992, 6772, 7851, 7373, 8126, 7317, 7217, 9976, 5898, 6151, 6509, 5293, 6429, 7518, 9891, 5107, 5839, 6483, 5394, 8184, 7112, 25859, 9428, 7859, 9834, 7647, 8492, 5501, 8920, 7126, 8580, 6188, 27936]"
/Users/abhishekvaidyanathan/Downloads/geological_similarity/gneiss/5JNTW.jpg,0.05202317237854004,"[8138, 9056, 7917, 7895, 7142, 7800, 7636, 6250, 7646, 7754, 5237, 8048, 7137, 7859, 8720, 9016, 8508, 9887, 9801, 8525, 7275, 9658, 9485, 7008, 5156, 5232, 6339, 5724, 6217, 9750, 8415, 6184, 5784, 6012, 7517, 5369, 9297, 8994, 6045, 9853, 9681, 6009, 5903, 7294, 5470, 6055, 7743, 6845, 7243, 9336]"
/Users/abhishekvaidyanathan/Downloads/geological_similarity/andesite/TT57H.jpg,0.0497889518737793,"[4121, 2712, 3562, 4737, 2971, 569, 4559, 1288, 2851, 2251, 358, 2871, 2426, 544, 549, 4912, 1161, 4937, 868, 3389, 4507, 2999, 4836, 742, 4232, 100, 3442, 15352, 4710, 1266, 2539, 3567, 2912, 3825, 17638, 2784, 3667, 658, 684, 18392, 537, 978, 1881, 4501, 1312, 19279, 4400, 19301, 4002, 2862]"
/Users/abhishekvaidyanathan/Downloads/geological_similarity/gneiss/DY5Q8.jpg,0.05208992958068848,"[6917, 5928, 8134, 9488, 9813, 9892, 7032, 8513, 9306, 6069, 6694, 9827, 9562, 9296, 8873, 9403, 7989, 7379, 6986, 5287, 6822, 6034, 8474, 5687, 5324, 8950, 9668, 8931, 5063, 7467, 27901, 8292, 7025, 8042, 6208, 8128, 9456, 8785, 6279, 8800, 5549, 5664, 9746, 7716, 8029, 7085, 6765, 6384, 9221, 28230]"
/Users/abhishekvaidyanathan/Downloads/geological_similarity/quartzite/EUE75.jpg,0.05284714698791504,"[17046, 16082, 19873, 19878, 16184, 16950, 15761, 18689, 18348, 19748, 16319, 19536, 17360, 19812, 18866, 16220, 19737, 17608, 18029, 18569, 15536, 15979, 18050, 19201, 19850, 15667, 18110, 18638, 17297, 16773, 15642, 18922, 16431, 19439, 16443, 16763, 15261, 18672, 15778, 19816, 19937, 16479, 19811, 16645, 18568, 15149, 19901, 15861, 17580, 18822]"
/Users/abhishekvaidyanathan/Downloads/geological_similarity/andesite/YT58U.jpg,0.06878280639648438,"[4840, 270, 4858, 1310, 3174, 2754, 3361, 4498, 18823, 2623, 4965, 16162, 13, 1478, 147, 2429, 2529, 3641, 1239, 2223, 1449, 1189, 1489, 3967, 4695, 19672, 1106, 2027, 1737, 18171, 797, 1648, 1590, 19168, 15870, 18103, 1141, 3319, 2622, 287, 18496, 4393, 2117, 90, 4168, 688, 15993, 618, 3799, 19061]"
/Users/abhishekvaidyanathan/Downloads/geological_similarity/gneiss/9W8AM.jpg,0.05180001258850098,"[8478, 8013, 7779, 25448, 7542, 7614, 9731, 9382, 7166, 8228, 7520, 5462, 29909, 8296, 5189, 9000, 9626, 7947, 9262, 5604, 6161, 6188, 5601, 7647, 6722, 9428, 8294, 6158, 5594, 9786, 7423, 7513, 6776, 25844, 8083, 6805, 28861, 5928, 8558, 5638, 8626, 6932, 8641, 6121, 8153, 9891, 8253, 6866, 29967, 6907]"
/Users/abhishekvaidyanathan/Downloads/geological_similarity/andesite/9BX6Z.jpg,0.05173301696777344,"[1294, 19508, 1219, 15136, 19191, 17890, 2928, 18500, 16176, 17174, 18692, 18339, 16652, 314, 19313, 19110, 4046, 16701, 15479, 2004, 18480, 2410, 4995, 17606, 909, 15436, 18465, 15082, 1636, 15060, 19969, 18033, 16259, 2864, 1553, 2309, 3189, 184, 3800, 15551, 993, 19829, 17063, 632, 19725, 4110, 16475, 17441, 4541, 698]"
/Users/abhishekvaidyanathan/Downloads/geological_similarity/schist/ZLZ01.jpg,0.05253791809082031,"[27183, 29730, 29946, 28123, 28700, 27085, 27418, 27785, 28212, 29167, 26689, 28166, 25126, 27129, 27387, 28573, 27272, 29739, 25361, 27874, 28892, 29050, 26580, 25310, 26224, 25496, 28969, 27562, 29168, 29673, 9463, 26428, 26074, 28193, 29517, 9123, 28183, 27089, 27040, 28708, 27735, 28464, 27904, 29817, 26755, 25010, 26813, 27520, 9401, 28780]"
/Users/abhishekvaidyanathan/Downloads/geological_similarity/quartzite/7ASRZ.jpg,0.05276608467102051,"[18409, 17864, 16542, 15923, 19817, 18723, 17345, 18169, 16487, 19535, 15164, 19192, 18168, 15638, 19451, 15241, 15996, 18286, 16630, 18718, 15072, 18684, 15184, 18827, 17678, 17263, 15029, 17330, 17390, 17356, 16071, 17959, 17034, 19971, 15848, 18727, 16000, 15451, 16914, 19620, 15252, 16104, 16577, 16861, 15692, 19966, 18178, 17774, 17321, 15826]"
/Users/abhishekvaidyanathan/Downloads/geological_similarity/rhyolite/VY631.jpg,0.052278995513916016,"[712, 1647, 341, 1984, 2670, 21476, 1394, 24122, 20632, 27255, 2328, 21924, 3598, 21923, 4267, 2253, 22240, 24281, 9810, 21035, 24906, 23822, 20912, 24034, 4758, 22392, 3290, 21635, 1500, 25497, 23170, 2444, 1474, 5342, 28939, 21526, 23184, 2039, 22856, 23302, 27636, 2307, 22346, 24949, 20418, 805, 1828, 23215, 28108, 1410]"
/Users/abhishekvaidyanathan/Downloads/geological_similarity/marble/AUHZH.jpg,0.054995059967041016,"[14733, 10329, 11548, 12231, 14554, 12080, 11044, 13740, 13044, 14258, 12172, 13395, 12926, 14640, 11428, 13877, 11829, 14399, 13133, 14467, 11643, 10438, 10938, 10528, 14382, 12948, 12956, 11432, 11088, 12439, 10563, 10569, 14562, 10575, 12537, 11323, 13531, 11526, 14223, 14973, 13116, 10466, 12283, 11159, 14933, 14143, 13621, 12112, 12316, 10072]"
/Users/abhishekvaidyanathan/Downloads/geological_similarity/quartzite/ZE0L6.jpg,0.06277704238891602,"[16620, 16768, 18925, 19305, 16843, 15021, 19976, 16246, 16819, 16485, 17076, 16858, 18636, 19994, 18984, 15928, 17412, 19112, 17606, 19157, 16696, 19719, 18995, 17454, 16049, 19555, 19223, 16524, 15577, 16875, 16833, 18912, 17391, 18804, 19522, 16019, 18717, 17352, 18108, 17673, 17139, 15268, 16475, 18592, 16869, 16756, 18020, 16838, 15188, 16795]"
/Users/abhishekvaidyanathan/Downloads/geological_similarity/rhyolite/2AC9X.jpg,0.05871176719665527,"[22437, 4296, 1984, 3656, 724, 24848, 2839, 3730, 20125, 4420, 1334, 805, 1141, 1647, 21266, 2020, 1926, 294, 1591, 18540, 4977, 1954, 4458, 341, 4683, 3724, 4495, 19849, 3637, 4944, 1957, 2106, 1377, 1369, 412, 493, 2830, 1239, 26864, 2489, 28747, 459, 3788, 2478, 2856, 1248, 2282, 542, 26215, 3721]"
/Users/abhishekvaidyanathan/Downloads/geological_similarity/marble/TADA0.jpg,0.05578279495239258,"[12447, 13252, 13826, 12512, 11651, 12508, 11203, 14130, 11403, 12794, 12113, 13617, 11782, 11126, 12348, 12138, 12318, 14459, 12564, 11994, 11929, 11216, 13013, 13053, 11939, 14864, 11214, 12844, 14452, 13588, 14700, 11620, 14241, 21013, 13060, 11924, 12247, 14814, 11140, 14205, 13131, 13915, 11341, 11636, 12322, 11547, 20152, 10519, 14137, 14292]"
/Users/abhishekvaidyanathan/Downloads/geological_similarity/andesite/HR20J.jpg,0.05243706703186035,"[2627, 4840, 3174, 1159, 4858, 4762, 1590, 3044, 1859, 721, 1106, 3894, 1867, 18134, 1489, 2754, 1737, 1307, 922, 1310, 485, 4609, 2529, 618, 1629, 2008, 1985, 4963, 170, 1694, 4965, 4498, 2429, 287, 2194, 2932, 3641, 16972, 1189, 3361, 4268, 17301, 633, 4779, 1225, 3003, 1939, 2403, 193, 1020]"
/Users/abhishekvaidyanathan/Downloads/geological_similarity/schist/VF8XS.jpg,0.05353498458862305,"[28191, 9500, 28918, 28608, 29878, 27372, 29333, 29309, 29738, 28533, 29241, 25376, 25149, 28667, 8317, 25335, 25255, 29602, 29603, 27078, 7272, 8576, 27487, 26697, 5216, 28187, 7774, 26985, 6621, 26775, 5987, 9612, 6122, 27532, 27821, 26569, 28016, 29380, 5647, 9160, 3398, 5206, 26294, 7857, 486, 27784, 25481, 25625, 29576, 26037]"
/Users/abhishekvaidyanathan/Downloads/geological_similarity/andesite/UA9FP.jpg,0.05411195755004883,"[2623, 4211, 16426, 17429, 2186, 2626, 4498, 3772, 19368, 19663, 4733, 1411, 2027, 90, 1449, 616, 3647, 15870, 4840, 2233, 427, 16821, 17207, 2834, 1961, 2364, 2130, 1981, 3171, 1478, 2615, 19717, 1737, 15627, 222, 2718, 270, 3641, 3139, 15678, 147, 19061, 1603, 1921, 149, 2754, 19255, 4122, 19884, 17007]"
/Users/abhishekvaidyanathan/Downloads/geological_similarity/andesite/JGXZG.jpg,0.05538606643676758,"[2686, 26552, 1250, 3136, 28599, 28923, 1802, 27580, 25247, 4920, 25289, 3785, 3673, 28034, 26981, 854, 440, 4502, 24331, 22290, 1424, 29079, 1228, 2282, 4563, 18276, 27618, 19036, 6333, 2637, 570, 4207, 15114, 24050, 4545, 3517, 26208, 28747, 27363, 23068, 2460, 29342, 3362, 1135, 16255, 18086, 26904, 6403, 19848, 29313]"
/Users/abhishekvaidyanathan/Downloads/geological_similarity/rhyolite/20DG4.jpg,0.05390000343322754,"[21470, 24627, 4708, 23107, 21814, 21890, 3702, 22524, 1124, 22633, 2484, 22966, 24303, 1821, 20253, 24285, 758, 4276, 20871, 4207, 3041, 21324, 24169, 22391, 3896, 4511, 23165, 3182, 1712, 227, 1470, 1400, 857, 4200, 20919, 992, 2005, 4017, 22307, 24478, 28832, 20492, 3758, 2205, 748, 25650, 24607, 1352, 1823, 1496]"
/Users/abhishekvaidyanathan/Downloads/geological_similarity/andesite/1KX2B.jpg,0.06111598014831543,"[2623, 17726, 1137, 4762, 1532, 15817, 4014, 18222, 18708, 16321, 3318, 2525, 4965, 2881, 2429, 3641, 17741, 2184, 327, 4659, 17150, 655, 18659, 1737, 19168, 3228, 4466, 3967, 1449, 4589, 394, 4654, 3815, 3639, 1478, 271, 19338, 2640, 540, 15112, 3361, 16678, 2861, 18441, 1417, 1399, 1307, 18979, 15098, 4205]"
/Users/abhishekvaidyanathan/Downloads/geological_similarity/quartzite/CPSQL.jpg,0.05927610397338867,"[17171, 18569, 15252, 15744, 19874, 19711, 17610, 16440, 18690, 19762, 18971, 16568, 15861, 16763, 17292, 17909, 17305, 15342, 16158, 19476, 19425, 16487, 17913, 15032, 15926, 19445, 19928, 17387, 18424, 19501, 18677, 19767, 15504, 18306, 16720, 16939, 15213, 19204, 17178, 18349, 16593, 15893, 18003, 18974, 17605, 18896, 19949, 19094, 15576, 15884]"
/Users/abhishekvaidyanathan/Downloads/geological_similarity/gneiss/938VS.jpg,0.06408810615539551,"[8049, 6053, 7151, 9264, 7577, 7712, 8039, 5504, 5420, 9665, 9572, 9267, 6920, 8157, 5641, 9139, 6698, 5086, 7971, 6620, 9789, 8347, 8429, 9915, 7628, 9455, 6016, 9073, 7524, 9640, 9041, 9930, 29275, 8681, 9719, 7657, 5790, 5377, 5096, 7736, 7753, 7279, 7448, 6926, 7197, 8084, 9971, 5516, 7333, 6428]"
/Users/abhishekvaidyanathan/Downloads/geological_similarity/rhyolite/SWHGX.jpg,0.058297157287597656,"[22430, 24082, 20815, 20924, 21526, 23112, 22856, 24319, 24122, 22219, 20614, 23962, 21778, 21916, 25512, 24561, 20882, 3438, 21378, 24193, 24292, 21015, 29695, 23460, 23649, 1828, 20629, 20930, 22719, 23764, 5377, 3805, 23385, 20661, 4325, 1647, 20621, 21643, 27341, 20253, 21478, 22246, 1984, 24181, 22935, 24775, 23009, 23941, 28893, 28108]"
/Users/abhishekvaidyanathan/Downloads/geological_similarity/schist/JGBDN.jpg,0.05748701095581055,"[26225, 27284, 26396, 28460, 25016, 6119, 28806, 29666, 29783, 25165, 25602, 29019, 27665, 26955, 25811, 25654, 8138, 29489, 7219, 26845, 7137, 26982, 28942, 6911, 29251, 29479, 27074, 7800, 9887, 8048, 8899, 7915, 27730, 28809, 27569, 7142, 8253, 28855, 25953, 9000, 7859, 29478, 9056, 25056, 25381, 26472, 7549, 7636, 5094, 25155]"
/Users/abhishekvaidyanathan/Downloads/geological_similarity/andesite/YPSB5.jpg,0.052780866622924805,"[3643, 18134, 17972, 19492, 1457, 19596, 799, 2505, 19008, 17301, 18347, 18171, 19584, 2162, 17858, 17325, 1106, 2403, 17402, 17247, 2117, 15385, 16084, 18268, 15116, 3965, 218, 15069, 880, 19605, 3510, 3193, 1414, 433, 16726, 2341, 1967, 3577, 18669, 2383, 27, 529, 15997, 3378, 4391, 3683, 4540, 18683, 4072, 17960]"
/Users/abhishekvaidyanathan/Downloads/geological_similarity/quartzite/K0B3F.jpg,0.051979780197143555,"[15877, 17773, 18235, 16394, 17706, 16542, 18180, 19581, 16896, 17785, 17623, 19009, 19083, 15750, 16401, 16878, 15616, 16686, 19619, 15097, 18950, 19921, 16254, 17847, 15769, 17239, 17488, 19239, 18883, 18224, 18667, 19420, 19101, 18178, 19149, 16077, 18229, 19832, 17986, 16245, 16404, 17390, 15344, 16506, 19192, 17232, 16447, 15561, 19166, 19180]"
/Users/abhishekvaidyanathan/Downloads/geological_similarity/quartzite/9HNH6.jpg,0.052559852600097656,"[15032, 16276, 16440, 16746, 17357, 19078, 18282, 18037, 18676, 15891, 18579, 17798, 19961, 18680, 19501, 16568, 19594, 15763, 19437, 16487, 18067, 19762, 17692, 18569, 15890, 18536, 17105, 15886, 18164, 19476, 17432, 19256, 15139, 18727, 15350, 18654, 19143, 15929, 19178, 15176, 17143, 17356, 18296, 16159, 17817, 15397, 17324, 19540, 17955, 15252]"
/Users/abhishekvaidyanathan/Downloads/geological_similarity/rhyolite/E3XZT.jpg,0.05193305015563965,"[21977, 21582, 10011, 4513, 24377, 11608, 13345, 20903, 11497, 24003, 11395, 13732, 24238, 12397, 10605, 14811, 11113, 14839, 7147, 13692, 11799, 10934, 10191, 10792, 10178, 3855, 1301, 13043, 14073, 10555, 12633, 11431, 1601, 13142, 14779, 13004, 13771, 13920, 24941, 3557, 11247, 10310, 10211, 14989, 14313, 20424, 12009, 13416, 3134, 13463]"
/Users/abhishekvaidyanathan/Downloads/geological_similarity/gneiss/OI9NF.jpg,0.052925825119018555,"[7961, 8276, 7859, 6577, 7868, 8525, 7513, 6383, 8654, 7429, 6722, 26879, 8623, 9209, 7117, 7789, 9926, 9968, 6005, 8558, 9935, 7806, 9797, 8005, 9303, 8617, 8738, 6985, 6805, 9912, 9727, 9758, 6320, 6644, 6280, 9170, 7966, 8408, 5077, 6543, 6022, 9760, 6461, 27009, 5686, 9498, 9731, 7647, 5746, 5897]"
/Users/abhishekvaidyanathan/Downloads/geological_similarity/marble/HTF79.jpg,0.051335811614990234,"[12143, 13715, 13849, 12829, 10226, 12785, 12445, 12896, 12567, 11169, 10751, 14769, 11289, 12833, 11325, 10610, 14411, 10298, 14672, 13873, 11820, 13393, 14704, 10500, 14837, 10787, 10503, 10771, 14633, 10571, 14816, 12886, 10039, 10427, 10899, 12534, 11143, 12614, 10247, 13743, 14745, 14630, 24020, 13986, 12540, 14956, 13325, 13029, 10289, 13073]"
/Users/abhishekvaidyanathan/Downloads/geological_similarity/schist/18CX5.jpg,0.05480003356933594,"[27895, 25178, 7428, 5697, 7468, 29385, 9563, 9925, 27774, 28066, 7614, 8112, 9488, 28214, 29207, 8055, 29653, 5109, 26780, 7941, 6038, 6885, 27946, 8253, 7948, 25957, 1931, 9571, 6241, 28909, 8873, 5594, 5006, 28637, 6822, 5806, 26138, 7722, 9639, 8921, 29679, 26099, 9435, 6629, 6188, 29315, 7918, 25065, 5386, 9216]"
/Users/abhishekvaidyanathan/Downloads/geological_similarity/andesite/8SN9P.jpg,0.05261707305908203,"[26872, 3974, 26015, 27727, 26967, 29833, 29702, 3316, 1311, 25780, 25452, 25824, 6004, 27320, 29406, 26057, 26762, 25772, 29034, 25041, 26273, 1467, 27675, 26579, 29012, 28538, 28853, 27252, 26723, 5755, 26778, 7065, 28826, 26434, 29125, 29252, 29140, 25073, 29927, 29485, 29984, 25744, 7384, 25629, 27945, 26452, 27380, 26494, 26745, 29219]"
/Users/abhishekvaidyanathan/Downloads/geological_similarity/marble/FM4AF.jpg,0.054662227630615234,"[12054, 12708, 10299, 10700, 10551, 12903, 12849, 13172, 13268, 12566, 11010, 10057, 12271, 13519, 12622, 12793, 11130, 11972, 13186, 13503, 12900, 10193, 12360, 12266, 14479, 12459, 13627, 12986, 12910, 10634, 10123, 12233, 14122, 11271, 11623, 12002, 12351, 12795, 13825, 12889, 10869, 10201, 13187, 14494, 11426, 10161, 14110, 10703, 13651, 14896]"
/Users/abhishekvaidyanathan/Downloads/geological_similarity/rhyolite/BH6SP.jpg,0.06501197814941406,"[27146, 26760, 5312, 28732, 27720, 25854, 24292, 6951, 20734, 28076, 28643, 26459, 25791, 29136, 26423, 23140, 25746, 26171, 28906, 27686, 27904, 25227, 9569, 25165, 22178, 26944, 5020, 7098, 28778, 25700, 28420, 8141, 28423, 3724, 27579, 6708, 5318, 26419, 29109, 26503, 29890, 29673, 29643, 29161, 3317, 29809, 20260, 26073, 23443, 20392]"
/Users/abhishekvaidyanathan/Downloads/geological_similarity/schist/33X7B.jpg,0.06018185615539551,"[25034, 25435, 6830, 5323, 25487, 25953, 28392, 8124, 8182, 9427, 5234, 8190, 7789, 8508, 5483, 26744, 9298, 7562, 5913, 25381, 29019, 5689, 25811, 27284, 9979, 8812, 8416, 8138, 7383, 7800, 8123, 25440, 9887, 26472, 7142, 27367, 25602, 27550, 8026, 9189, 5810, 29278, 26808, 5746, 7137, 7118, 5903, 7943, 25140, 9658]"
/Users/abhishekvaidyanathan/Downloads/geological_similarity/andesite/PZFP7.jpg,0.06388711929321289,"[4762, 17741, 19790, 2622, 3559, 19168, 3318, 465, 1181, 3564, 4858, 18441, 19338, 149, 16678, 18823, 3830, 4412, 1272, 971, 4965, 3967, 4910, 3397, 1307, 16755, 2798, 4090, 3361, 671, 16967, 4407, 552, 2623, 19133, 4840, 17726, 1189, 18222, 655, 1310, 1737, 2117, 17961, 1489, 2893, 1941, 19672, 16084, 18659]"
/Users/abhishekvaidyanathan/Downloads/geological_similarity/schist/BLBKS.jpg,0.053697824478149414,"[6035, 7222, 9788, 5398, 9263, 8138, 8434, 5066, 29884, 29581, 9792, 8728, 9011, 9801, 25145, 8365, 9974, 5903, 26261, 28538, 29402, 5806, 27106, 6631, 8716, 5693, 5525, 7137, 27367, 5777, 9961, 27777, 8451, 5010, 28373, 25604, 8415, 6845, 26744, 7666, 29984, 8640, 6422, 8048, 25043, 26960, 25380, 28555, 9681, 6559]"
/Users/abhishekvaidyanathan/Downloads/geological_similarity/andesite/WKNC7.jpg,0.050647735595703125,"[4541, 4288, 18045, 1636, 2309, 4753, 3496, 19175, 18033, 4024, 16107, 2004, 2654, 18457, 314, 19321, 3004, 159, 17441, 3934, 2136, 16667, 191, 3999, 4621, 184, 1841, 2603, 18339, 1378, 16701, 3787, 16475, 1553, 17174, 4869, 1401, 15755, 18551, 698, 2466, 4289, 15533, 15410, 18721, 993, 15896, 631, 15082, 15853]"
/Users/abhishekvaidyanathan/Downloads/geological_similarity/marble/33QKC.jpg,0.0511927604675293,"[12439, 11491, 14500, 12502, 11118, 12219, 12852, 11812, 10953, 11835, 14209, 10688, 12720, 14618, 10355, 11926, 12771, 10142, 11717, 12786, 10579, 14889, 13168, 11063, 10466, 10776, 14855, 11084, 12783, 10460, 10826, 10550, 10586, 10891, 11034, 12497, 11672, 13269, 14312, 13309, 12325, 10389, 10438, 13535, 14167, 14954, 14711, 12099, 13901, 13476]"
/Users/abhishekvaidyanathan/Downloads/geological_similarity/rhyolite/U3NVQ.jpg,0.05750584602355957,"[8289, 5932, 22835, 5854, 6905, 5600, 20770, 2549, 21633, 9410, 22208, 27049, 6498, 5756, 7811, 7296, 6686, 9069, 9948, 9627, 6558, 8420, 7391, 9438, 6076, 21018, 23397, 5381, 5515, 8638, 6319, 21081, 7031, 6001, 8651, 6724, 24081, 8033, 7551, 22140, 7434, 24957, 6702, 21838, 24992, 8528, 5076, 5973, 275, 20988]"
/Users/abhishekvaidyanathan/Downloads/geological_similarity/schist/VCGKF.jpg,0.06317901611328125,"[29323, 29604, 28189, 25768, 6972, 8615, 25790, 17175, 28915, 24118, 5487, 6454, 27861, 11613, 9074, 5368, 10513, 8557, 25719, 18668, 25181, 1079, 25158, 27069, 6452, 14150, 25714, 26297, 10889, 17601, 28466, 9839, 29286, 12435, 25390, 7969, 10212, 25976, 9346, 28450, 8172, 20718, 26990, 6093, 29848, 696, 29271, 5696, 27037, 27117]"
/Users/abhishekvaidyanathan/Downloads/geological_similarity/gneiss/PWY5S.jpg,0.061663150787353516,"[7112, 6236, 8029, 6148, 8763, 7429, 9270, 27928, 8728, 29509, 8589, 5048, 5898, 5364, 28589, 7635, 7008, 9834, 5608, 7518, 8048, 8231, 5896, 5954, 8253, 6899, 7747, 27853, 7820, 25230, 7859, 8328, 8724, 8636, 6717, 9562, 6035, 7956, 6822, 5899, 9788, 26810, 8074, 27579, 28612, 8415, 26169, 28344, 7307, 6065]"
/Users/abhishekvaidyanathan/Downloads/geological_similarity/rhyolite/SR33Z.jpg,0.052782297134399414,"[22021, 21624, 24653, 22307, 21536, 21627, 23438, 21323, 21582, 24941, 4390, 23733, 20704, 22260, 22588, 23031, 20906, 23536, 4237, 24015, 1165, 22309, 24659, 20145, 216, 22903, 20690, 20762, 20327, 22666, 21579, 23917, 23644, 23781, 21737, 1520, 24149, 21122, 1828, 20688, 24377, 23274, 23261, 23896, 2361, 24637, 24711, 21288, 256, 22893]"
/Users/abhishekvaidyanathan/Downloads/geological_similarity/rhyolite/8S50B.jpg,0.05281686782836914,"[21937, 22936, 22025, 21582, 22309, 24941, 20156, 22032, 20327, 21239, 20498, 22649, 24711, 1520, 23733, 24149, 21627, 24238, 3855, 21624, 1165, 4513, 20761, 20187, 24167, 24003, 22636, 23261, 20506, 24646, 21288, 24429, 23222, 21177, 23831, 20822, 24553, 21969, 20175, 20903, 20297, 20377, 24377, 22903, 22349, 24352, 1087, 4578, 3212, 2998]"
/Users/abhishekvaidyanathan/Downloads/geological_similarity/schist/LL9CE.jpg,0.05526590347290039,"[27853, 28346, 9939, 25077, 25162, 6899, 6791, 25009, 26542, 29494, 27665, 7189, 5124, 27832, 26284, 9167, 8820, 7808, 5475, 8253, 8371, 29251, 28047, 29428, 6337, 26988, 28567, 6737, 25016, 25544, 28363, 25581, 29535, 9159, 27856, 9810, 8415, 7917, 26124, 8660, 8720, 25497, 26864, 29567, 7008, 7915, 28939, 27017, 8048, 26922]"
