testing_image,time_taken,indices_list,output_indices
../geological_similarity/schist/TEJ1Y.jpg,0.0641899108886718,,"[25754, 25578, 29111, 29888, 26147, 27067, 29065, 28162, 25214, 26255, 25804, 26246, 29837, 26318, 27760, 26502, 27843, 27906, 27426, 27716, 27969, 26821, 25975, 28028, 27918, 28259, 25284, 27500, 25734, 25317, 26007, 2243, 26925, 25691, 26815, 27722, 29487, 28043, 25357, 27101, 29358, 27920, 25708, 28698, 27116, 26078, 26974, 28953, 27118, 25434]"
../geological_similarity/marble/13P1E.jpg,0.0552709102630615,,"[13641, 10152, 11653, 11181, 14907, 13191, 13215, 12396, 13701, 12790, 14400, 14308, 11910, 12208, 11430, 10619, 14369, 14762, 10291, 14682, 12158, 10974, 11051, 13017, 11441, 14468, 12489, 12766, 13989, 12876, 14671, 14035, 11682, 13629, 12178, 12670, 10328, 13982, 11822, 13636, 14624, 13407, 10489, 14721, 11309, 11826, 13904, 13795, 10253, 11090]"
../geological_similarity/andesite/RRGXD.jpg,0.0617702007293701,,"[1137, 2184, 1685, 1122, 605, 977, 4840, 2383, 1590, 767, 230, 837, 2525, 520, 1941, 1399, 1726, 4291, 1125, 94, 1629, 4328, 4203, 3003, 1750, 332, 4373, 859, 1307, 1948, 3028, 4023, 3498, 490, 3311, 1010, 1827, 1139, 3815, 327, 446, 2868, 3261, 225, 4881, 3799, 531, 3021, 124, 2563]"
../geological_similarity/schist/PEVYX.jpg,0.0539259910583496,,"[28534, 26574, 25739, 25772, 26400, 9124, 29984, 26238, 25575, 25814, 26452, 25580, 26808, 29140, 28555, 9433, 29034, 25824, 26723, 28853, 29827, 26369, 27825, 29677, 26460, 29566, 29764, 25629, 29568, 25499, 29485, 29012, 29192, 29863, 26124, 25744, 27968, 28538, 29126, 26778, 25587, 26338, 27252, 26178, 26675, 26028, 26427, 28604, 28661, 28335]"
../geological_similarity/schist/66ZT7.jpg,0.0524051189422607,,"[27277, 25850, 28865, 27094, 29614, 29345, 26373, 29662, 27099, 28430, 25049, 26291, 26104, 27628, 26724, 25192, 2253, 681, 28950, 27612, 29911, 29854, 27891, 28181, 29864, 26145, 1265, 27681, 27701, 3974, 27421, 28963, 3925, 26694, 26479, 25853, 28684, 3985, 25843, 28657, 29347, 27872, 954, 2969, 492, 25559, 3605, 757, 27064, 1216]"
../geological_similarity/marble/6CLSI.jpg,0.0492329597473144,,"[10111, 12445, 10908, 13073, 10793, 10989, 10535, 12856, 14979, 11905, 12170, 14704, 14841, 10021, 11768, 14531, 11289, 13035, 12748, 10751, 11259, 13671, 10841, 13008, 13654, 10070, 11120, 10655, 14868, 13385, 10289, 13804, 13718, 11615, 14720, 14870, 10430, 14924, 10958, 12896, 12522, 10564, 10452, 12534, 14408, 10561, 10931, 10576, 11032, 11305]"
../geological_similarity/quartzite/NHUYS.jpg,0.0528807640075683,,"[3710, 18257, 19206, 16478, 15369, 18754, 16672, 16839, 18899, 18591, 2168, 2669, 18062, 18505, 19126, 17207, 19368, 17429, 270, 4965, 1197, 844, 16508, 19471, 135, 15870, 2027, 17960, 16965, 1464, 17732, 17600, 600, 15336, 940, 2592, 16347, 18308, 15902, 19958, 16421, 17339, 540, 1020, 16846, 3590, 17301, 18443, 19562, 18496]"
../geological_similarity/schist/4U82N.jpg,0.0490548610687255,,"[25622, 26533, 27757, 29452, 26433, 27057, 26739, 29872, 27443, 29659, 28911, 28722, 25700, 25918, 27596, 25650, 27686, 28826, 28343, 27358, 27059, 27767, 26729, 27831, 26787, 26909, 25944, 27678, 27377, 26843, 27182, 28053, 29202, 29852, 28404, 27572, 29076, 27424, 25987, 29341, 29907, 27338, 2774, 28640, 28094, 28924, 28199, 25105, 25223, 26872]"
../geological_similarity/rhyolite/NGW1J.jpg,0.049105167388916,,"[22049, 23338, 21763, 21057, 21501, 20492, 4745, 24270, 24583, 546, 20877, 21225, 23524, 24395, 30, 23605, 20028, 22997, 22296, 22339, 20304, 23394, 24948, 20037, 23584, 24609, 24771, 24542, 2806, 20933, 21811, 21578, 24649, 23037, 20500, 23627, 24982, 24460, 21427, 21982, 24720, 24932, 22252, 23290, 20712, 21542, 22345, 23778, 21489, 23344]"
../geological_similarity/schist/BNXPM.jpg,0.0499680042266845,,"[26808, 28555, 26238, 29566, 29984, 26400, 25814, 27413, 26601, 25739, 29568, 25772, 26193, 26723, 25587, 26778, 29140, 28853, 29764, 28422, 27968, 26028, 26452, 29126, 29034, 27755, 29012, 25824, 27392, 28538, 27252, 26841, 29265, 25629, 26369, 25487, 27741, 25575, 28060, 29192, 7446, 29893, 29827, 9124, 25110, 29677, 27825, 26427, 27939, 29641]"
../geological_similarity/rhyolite/CZIVC.jpg,0.050227403640747,,"[24197, 23174, 2576, 3360, 672, 20260, 21587, 22181, 4983, 20009, 20386, 22855, 4448, 23269, 23658, 21754, 21017, 204, 1096, 1306, 21649, 24727, 3241, 2050, 24629, 265, 21556, 614, 2628, 2841, 23460, 21051, 3553, 23224, 4142, 3642, 3097, 4603, 324, 2173, 3630, 701, 23348, 21772, 3330, 20119, 4359, 1333, 2459, 1813]"
../geological_similarity/quartzite/UVK6S.jpg,0.052278995513916,,"[17621, 17678, 19498, 19323, 17624, 19342, 16803, 18180, 19800, 17440, 19799, 19551, 17661, 15282, 19269, 17077, 18738, 15384, 15252, 18458, 19148, 15644, 19786, 17263, 16027, 15724, 19871, 16226, 19178, 16542, 18599, 18178, 16363, 17774, 19778, 16428, 19629, 15764, 18409, 15312, 19246, 16614, 15750, 15846, 17825, 18315, 17321, 17673, 15247, 18124]"
../geological_similarity/gneiss/AQWU7.jpg,0.0526249408721923,,"[6499, 5698, 7147, 9077, 5801, 6389, 13416, 14313, 8475, 13692, 10845, 10605, 28328, 10689, 14779, 27886, 10792, 14839, 13732, 10746, 11497, 6736, 5682, 10011, 13061, 11608, 11576, 13165, 12958, 7854, 13925, 28647, 9350, 28644, 13097, 14575, 11442, 12027, 6135, 11431, 9368, 11705, 11799, 11085, 11113, 11702, 29015, 14144, 10555, 13345]"
../geological_similarity/rhyolite/B39AI.jpg,0.0536630153656005,,"[22633, 4708, 4648, 3476, 992, 24725, 4200, 718, 2556, 541, 4018, 4814, 4990, 1146, 1821, 2546, 1829, 1131, 21425, 2653, 445, 4336, 4924, 2793, 2402, 227, 1794, 2955, 902, 2220, 22839, 1915, 3515, 20860, 3388, 19686, 1817, 2876, 22517, 3902, 2280, 4021, 1199, 919, 4170, 1857, 3114, 1027, 1331, 4622]"
../geological_similarity/quartzite/DCHOS.jpg,0.0551519393920898,,"[15164, 16833, 18803, 17391, 17076, 15080, 19994, 15996, 19239, 15769, 18116, 16882, 15775, 17623, 15681, 15923, 16850, 19435, 15554, 19966, 18230, 18556, 19018, 17426, 17139, 16242, 15173, 17150, 19305, 16783, 17143, 15586, 16930, 17690, 17628, 15268, 17356, 15891, 17594, 15048, 19395, 15415, 19105, 17529, 19523, 18853, 15073, 18542, 16725, 19097]"
../geological_similarity/marble/3WBP6.jpg,0.056614875793457,,"[11815, 10586, 11063, 14068, 10407, 10182, 11955, 14767, 11641, 11350, 13436, 13780, 11742, 10090, 13338, 11068, 12901, 13025, 11828, 11487, 10953, 14855, 11520, 12864, 13357, 11435, 12832, 11712, 10349, 13136, 11261, 10924, 13269, 10819, 12750, 13012, 14662, 12580, 12513, 13705, 13722, 14340, 13613, 13724, 12909, 13210, 10389, 11132, 10676, 11915]"
../geological_similarity/schist/4WITK.jpg,0.0563528537750244,,"[25658, 29877, 9532, 7310, 27592, 6655, 26214, 28846, 28738, 28438, 27011, 28085, 5133, 26583, 7863, 27042, 28952, 26230, 26615, 27333, 28631, 5567, 25363, 26283, 7276, 26295, 29655, 29545, 28297, 29227, 28116, 27598, 28752, 9997, 27091, 26275, 29557, 26031, 28357, 25131, 26655, 8466, 25924, 28168, 29601, 7988, 25081, 27966, 25487, 27029]"
../geological_similarity/schist/CM3SF.jpg,0.0526437759399414,,"[29161, 29714, 28722, 26738, 25854, 29809, 26171, 26425, 26533, 28420, 26419, 29395, 26805, 27572, 25410, 29703, 28894, 25622, 27015, 26433, 28936, 28986, 29817, 27211, 28935, 27981, 27045, 29928, 25843, 27827, 27239, 26610, 25700, 27686, 28968, 26893, 29050, 29488, 25368, 26104, 26183, 26537, 29994, 29591, 29533, 1994, 29784, 28492, 26107, 28721]"
../geological_similarity/andesite/CTYZM.jpg,0.0536260604858398,,"[2329, 1825, 362, 408, 3624, 3090, 2794, 4286, 584, 4103, 2775, 468, 3571, 17902, 3760, 2856, 3523, 3894, 3672, 4883, 3916, 4945, 2706, 1395, 3064, 15678, 2650, 4677, 4659, 170, 56, 4890, 4224, 4959, 1956, 4201, 1981, 4704, 4371, 19219, 1497, 1017, 3346, 18549, 1343, 4599, 108, 4608, 1110, 904]"
../geological_similarity/marble/94WJ8.jpg,0.0586907863616943,,"[11305, 10614, 13522, 10021, 11836, 14134, 14067, 14988, 11120, 14481, 13310, 13358, 13595, 13804, 10431, 11295, 14633, 12511, 11775, 14924, 13726, 13029, 10430, 11259, 12170, 11210, 12748, 10899, 12445, 10564, 13110, 13239, 13913, 13833, 14448, 14056, 13902, 11263, 10070, 14522, 10655, 11923, 14704, 13451, 10386, 10793, 10971, 13171, 12255, 10075]"
../geological_similarity/quartzite/5N0EW.jpg,0.0572679042816162,,"[15747, 19440, 19758, 17839, 18026, 19371, 16465, 17913, 17144, 15886, 16864, 16568, 18943, 19119, 19295, 18434, 15984, 15228, 17291, 19548, 17999, 17780, 19822, 17955, 19740, 16408, 16590, 15985, 18810, 17349, 16368, 16102, 15736, 17625, 17860, 19719, 18526, 16158, 17183, 16202, 15935, 17034, 17824, 19755, 15465, 15449, 18896, 17032, 17578, 18010]"
../geological_similarity/gneiss/SKDTL.jpg,0.0547020435333251,,"[8944, 6072, 6018, 7259, 9564, 8096, 6807, 28065, 6316, 8990, 8154, 5935, 5220, 6049, 5599, 26015, 8424, 8699, 9100, 8370, 6356, 27727, 5221, 9378, 26967, 6061, 6923, 5039, 9476, 7384, 29650, 29148, 5920, 5918, 8111, 6579, 26620, 9639, 5810, 7569, 8062, 28075, 9197, 26793, 8738, 28434, 25652, 25852, 29705, 5253]"
../geological_similarity/andesite/RETXJ.jpg,0.0531909465789794,,"[3768, 1343, 2741, 2198, 2247, 170, 1445, 4080, 2613, 1679, 3786, 108, 1998, 4722, 18368, 117, 3957, 4704, 3503, 3523, 2861, 2888, 1159, 3533, 4842, 15817, 2332, 2211, 1497, 1068, 3684, 1642, 250, 63, 2650, 2257, 1867, 2709, 2772, 1449, 2077, 1646, 2732, 2147, 2527, 3761, 3066, 1878, 3624, 1985]"
../geological_similarity/marble/76MEJ.jpg,0.0532491207122802,,"[12743, 14677, 11173, 13503, 12910, 10002, 11741, 11028, 10299, 10706, 13027, 10872, 13721, 10418, 11696, 13703, 10700, 13186, 12646, 12010, 13651, 12897, 12628, 14010, 10813, 13233, 11523, 12252, 13160, 10193, 13253, 12180, 13693, 12622, 12266, 14743, 10057, 13435, 14423, 11212, 11623, 14502, 10322, 10898, 11718, 14110, 13298, 12889, 10068, 13343]"
../geological_similarity/andesite/90EYL.jpg,0.0536730289459228,,"[2735, 621, 4939, 2685, 3026, 1240, 1633, 3959, 1450, 783, 4584, 1792, 2812, 1761, 23, 2086, 4003, 2640, 4156, 85, 38, 1181, 677, 2081, 1041, 4907, 1750, 4068, 1010, 2843, 1730, 1782, 4551, 3318, 4819, 2836, 2703, 2560, 2010, 2525, 2420, 928, 1307, 2761, 4806, 1786, 4506, 3203, 1399, 3406]"
../geological_similarity/rhyolite/NN9S5.jpg,0.0521457195281982,,"[23356, 341, 22097, 955, 196, 3918, 2670, 781, 1601, 118, 1931, 20846, 24135, 24874, 4251, 3514, 24167, 2576, 1831, 1641, 23073, 1178, 24774, 2702, 1984, 4267, 1333, 3924, 23918, 1206, 1888, 1184, 1781, 142, 3360, 3670, 2821, 20875, 720, 294, 2751, 23747, 2846, 748, 62, 1510, 3602, 24117, 123, 451]"
../geological_similarity/marble/F28KQ.jpg,0.0508327484130859,,"[12067, 13103, 14462, 12598, 11614, 11542, 12163, 11333, 14518, 13238, 14435, 13944, 12620, 14738, 11016, 14204, 12474, 12920, 14648, 11160, 10753, 13117, 12421, 13843, 12860, 11626, 12207, 13914, 10027, 13700, 12850, 13413, 13403, 13682, 10255, 14578, 14915, 12065, 11277, 14732, 13243, 10705, 12987, 13467, 12758, 13897, 13221, 10192, 10824, 12120]"
../geological_similarity/schist/SUK5N.jpg,0.0498769283294677,,"[26443, 28843, 26878, 27925, 29000, 27305, 29348, 25410, 29488, 29570, 28249, 26558, 29817, 28892, 27474, 28986, 26142, 29166, 26104, 25559, 27628, 27244, 26355, 25676, 28264, 28657, 29873, 25368, 27015, 27401, 25854, 27238, 26285, 28420, 26291, 27937, 26604, 25843, 29911, 28865, 26171, 29703, 954, 27923, 27572, 1994, 29714, 2253, 29891, 29614]"
../geological_similarity/andesite/SD5XB.jpg,0.052278995513916,,"[3915, 4753, 1205, 2919, 3057, 3838, 2038, 4798, 873, 1013, 4594, 582, 4974, 2454, 1071, 314, 3291, 1196, 1587, 2231, 4869, 2864, 4663, 1280, 402, 1876, 3309, 2358, 443, 3504, 3934, 1033, 191, 295, 184, 2493, 825, 1553, 2004, 2262, 2436, 2009, 2019, 3752, 2255, 3538, 4572, 2922, 1762, 3903]"
../geological_similarity/andesite/MIA2D.jpg,0.054095983505249,,"[3894, 2329, 3523, 3571, 2856, 408, 4704, 1985, 3672, 2332, 2794, 3916, 17585, 3090, 4103, 1411, 1998, 3957, 170, 250, 3064, 3730, 1867, 3624, 1395, 4384, 108, 4686, 1981, 2650, 4049, 1449, 17593, 1017, 1377, 2775, 2269, 1141, 2888, 349, 2147, 4883, 4522, 2706, 468, 4659, 1679, 2295, 4959, 2478]"
../geological_similarity/andesite/KXGQP.jpg,0.054034948348999,,"[2869, 142, 4702, 1601, 4078, 24135, 24011, 4214, 1931, 118, 1831, 955, 4444, 4616, 196, 22719, 1984, 24167, 1218, 2374, 341, 20137, 22102, 22901, 21374, 3918, 855, 22047, 4251, 20600, 24874, 21803, 20846, 3134, 371, 1080, 3067, 24603, 3514, 4263, 4420, 22362, 112, 22238, 24106, 4458, 22856, 1178, 3112, 1334]"
../geological_similarity/quartzite/SNJ8U.jpg,0.0539557933807373,,"[19005, 15874, 17534, 19876, 15752, 16119, 15769, 16245, 17492, 15268, 19191, 19057, 17925, 18774, 18031, 18140, 16270, 19232, 17893, 17557, 18633, 18081, 17785, 17488, 17623, 18590, 17818, 19794, 17200, 17917, 17899, 19336, 17409, 16830, 16052, 19105, 15959, 19561, 18262, 19523, 15565, 17143, 18120, 17423, 19896, 18735, 19726, 19395, 16410, 19364]"
../geological_similarity/rhyolite/71DA2.jpg,0.052272081375122,,"[20997, 243, 1794, 4336, 4322, 1976, 1857, 3015, 902, 2997, 1027, 1829, 2402, 1146, 992, 4242, 4021, 1003, 4990, 377, 3388, 2556, 4648, 4018, 2199, 3476, 1589, 2066, 4170, 4510, 44, 718, 2955, 919, 4420, 20006, 445, 2259, 2793, 23615, 2439, 22028, 2653, 204, 1361, 20917, 3663, 4814, 2805, 17504]"
../geological_similarity/gneiss/N8RSU.jpg,0.0538330078125,,"[8198, 8651, 9123, 7493, 5484, 9245, 7434, 6265, 5064, 9748, 9394, 9396, 7499, 9846, 8316, 9657, 5765, 5020, 6834, 7414, 28159, 9722, 5851, 8273, 7253, 8334, 7174, 9988, 7046, 8961, 8245, 5138, 9003, 5942, 26708, 8384, 9315, 8862, 5136, 5141, 5645, 8810, 27744, 7920, 7543, 26269, 29619, 5407, 26423, 28104]"
../geological_similarity/quartzite/0QWCD.jpg,0.0534720420837402,,"[15077, 17150, 17151, 16120, 2744, 17076, 18116, 18542, 18952, 16930, 16882, 19744, 2669, 19097, 15164, 18659, 16180, 17850, 16526, 15647, 15080, 16833, 17391, 18543, 19202, 18230, 16409, 18544, 19531, 19018, 15737, 17229, 15996, 15681, 16783, 19664, 19120, 19441, 19994, 17978, 18177, 16242, 16581, 17177, 17709, 19099, 15794, 19105, 17846, 15048]"
../geological_similarity/andesite/HIGW8.jpg,0.0524771213531494,,"[2436, 873, 4753, 1071, 2038, 3915, 2919, 2454, 1205, 3538, 2231, 1337, 3291, 1587, 4594, 4974, 1196, 184, 2334, 3838, 333, 3752, 588, 3309, 3934, 4798, 4663, 1173, 1636, 1033, 1280, 1896, 2075, 4572, 1013, 2493, 3504, 582, 825, 314, 402, 3057, 1808, 1182, 3229, 2009, 2309, 1618, 2440, 3903]"
../geological_similarity/quartzite/HSM5H.jpg,0.0498187541961669,,"[16681, 19413, 15175, 17737, 18387, 17455, 15045, 19593, 17685, 15019, 18484, 18072, 19574, 17604, 16446, 19509, 17848, 17854, 15176, 18369, 19959, 17935, 17586, 16770, 15844, 16761, 19989, 16096, 17694, 17285, 18812, 15953, 17353, 19374, 18121, 19176, 18424, 18753, 17122, 15209, 19497, 17308, 17089, 18666, 16221, 17538, 17980, 18075, 16493, 15397]"
../geological_similarity/gneiss/RQWHB.jpg,0.049293041229248,,"[8112, 5800, 5755, 8048, 7008, 5388, 8001, 7468, 9639, 5549, 28997, 5594, 27945, 28648, 27106, 28682, 26343, 28584, 5502, 25544, 26292, 6119, 7915, 9974, 27569, 25811, 7614, 25435, 7127, 26710, 7913, 26273, 9563, 5630, 26125, 29884, 25977, 25953, 8724, 25275, 28102, 5227, 26566, 25834, 26570, 9124, 29833, 28319, 26178, 9671]"
../geological_similarity/quartzite/VSGIJ.jpg,0.049102783203125,,"[15192, 18676, 16105, 18282, 17662, 17831, 18162, 15763, 19490, 19501, 18289, 19256, 15731, 17101, 18515, 19714, 16370, 18765, 16440, 16153, 16711, 18536, 16962, 15893, 19143, 17752, 17794, 19506, 18652, 17338, 16520, 17357, 16141, 16306, 15350, 19463, 16793, 19078, 16887, 16947, 19154, 15905, 19437, 18248, 16060, 17692, 16405, 15276, 18891, 15744]"
../geological_similarity/gneiss/N2XWS.jpg,0.0499610900878906,,"[8525, 8508, 7137, 7859, 8178, 7800, 7142, 9056, 9887, 5470, 7646, 7917, 5517, 7895, 9952, 8005, 8720, 9801, 8365, 6819, 9749, 5237, 9298, 8715, 9297, 5903, 9658, 5232, 9016, 6339, 5777, 5156, 6672, 8052, 5724, 9853, 6005, 9323, 9209, 9485, 8126, 9788, 8310, 6009, 6184, 5949, 6420, 5446, 8865, 7966]"
../geological_similarity/andesite/PEGIO.jpg,0.0518140792846679,,"[3624, 2650, 1449, 2861, 1679, 3523, 4704, 108, 170, 4659, 173, 3345, 2794, 2269, 1985, 3957, 2824, 17969, 4250, 15817, 17593, 1439, 3571, 2624, 1691, 3786, 300, 56, 2247, 743, 2888, 2332, 1343, 1765, 4059, 4374, 4724, 2741, 4686, 1503, 1627, 2198, 1068, 117, 3437, 1497, 3346, 4397, 2257, 4103]"
../geological_similarity/marble/JTPSE.jpg,0.0536351203918457,,"[13021, 10938, 12841, 11647, 14733, 13553, 14791, 13655, 14200, 12229, 11426, 12941, 13016, 13977, 12566, 12635, 12459, 10954, 13711, 10296, 13133, 11369, 10200, 11580, 10201, 14467, 13987, 12198, 10700, 11526, 12080, 12793, 11824, 10601, 12900, 12963, 11267, 12583, 10838, 11159, 10649, 14138, 11590, 12488, 11811, 13975, 14860, 13798, 11172, 13420]"
../geological_similarity/andesite/LYRS2.jpg,0.0517780780792236,,"[50, 3023, 3420, 2533, 1014, 3534, 244, 1482, 1947, 3573, 409, 3974, 1387, 3316, 4824, 3925, 2129, 4671, 1840, 954, 4534, 3121, 2003, 757, 386, 15680, 4715, 3577, 1189, 895, 1000, 1016, 3343, 1265, 4074, 3361, 2673, 2969, 1414, 3959, 733, 797, 4695, 1730, 2178, 3501, 4785, 3683, 1225, 147]"
../geological_similarity/rhyolite/XY5WG.jpg,0.0514819622039794,,"[21977, 20340, 20742, 22089, 20891, 4305, 1103, 22385, 21982, 22636, 22912, 22930, 22349, 23302, 22678, 24377, 24381, 21764, 990, 24713, 20492, 22559, 20175, 21582, 23657, 24003, 1713, 24448, 4886, 2071, 21072, 1102, 4895, 3317, 4575, 22893, 2356, 22945, 4917, 21823, 546, 4745, 1940, 481, 4390, 256, 20903, 4027, 1544, 22231]"
../geological_similarity/rhyolite/E8AZJ.jpg,0.0486791133880615,,"[21939, 23185, 20200, 2914, 20319, 22238, 23646, 21612, 23820, 22169, 21993, 4901, 4195, 243, 23824, 22422, 23428, 23507, 22366, 47, 24014, 22659, 21901, 2714, 21637, 20083, 21650, 22004, 22458, 22941, 3031, 22686, 4967, 20366, 21249, 24795, 4037, 1962, 1027, 23578, 21549, 1794, 22633, 23485, 22163, 20766, 23177, 22719, 4420, 21821]"
../geological_similarity/quartzite/QOIA1.jpg,0.0493860244750976,,"[16096, 17170, 17285, 17353, 18369, 19828, 15974, 17259, 16676, 19183, 18645, 16094, 19497, 16912, 16111, 16862, 18484, 15632, 16420, 17550, 16507, 18354, 18234, 16658, 17854, 17968, 16626, 19989, 15875, 19864, 18812, 16681, 19238, 17705, 15045, 17694, 16175, 15176, 18304, 18766, 15030, 15102, 18719, 19174, 16820, 16290, 19677, 16159, 15397, 15003]"
../geological_similarity/andesite/3OMB6.jpg,0.0502040386199951,,"[17504, 525, 1644, 4495, 1428, 3553, 4532, 204, 3969, 3368, 3495, 3746, 15002, 2914, 19849, 851, 1064, 3617, 3340, 2336, 4359, 4298, 1539, 4713, 930, 4693, 4026, 3351, 3686, 902, 2684, 115, 3690, 4918, 513, 4042, 4408, 2205, 714, 4195, 4021, 3107, 4868, 1062, 4467, 2176, 2163, 377, 4544, 3972]"
../geological_similarity/gneiss/UP0RI.jpg,0.0492651462554931,,"[9699, 5514, 8844, 7456, 9244, 7537, 8606, 7510, 8548, 7526, 6426, 9445, 5929, 5185, 8275, 7696, 6244, 8324, 5979, 5891, 6719, 7387, 7553, 8185, 5191, 7500, 5292, 6883, 9626, 8014, 9443, 6259, 9826, 9920, 8086, 7353, 7862, 6114, 7068, 7121, 7093, 5875, 8551, 8123, 8156, 5391, 7759, 8645, 8493, 9938]"
../geological_similarity/andesite/GKHED.jpg,0.0490210056304931,,"[17441, 17861, 15853, 3968, 1433, 16065, 3140, 369, 1527, 15929, 2792, 1858, 2100, 17131, 3799, 1399, 1532, 879, 803, 887, 18387, 1142, 19809, 4067, 2640, 4562, 2321, 2103, 3318, 4168, 1685, 2697, 15386, 18953, 19593, 18753, 15651, 655, 3815, 4610, 1137, 4727, 16681, 3228, 304, 1478, 19374, 806, 1115, 2184]"
../geological_similarity/marble/Q7GHO.jpg,0.0487258434295654,,"[13711, 14733, 13977, 10938, 13016, 13133, 11526, 14791, 13987, 10528, 14467, 11159, 10735, 12229, 12566, 14611, 13021, 14200, 11369, 10200, 10296, 10838, 11824, 10317, 10700, 11796, 14399, 12941, 12963, 11426, 12841, 13553, 11647, 12080, 13860, 11010, 12636, 13655, 12198, 12793, 13186, 10201, 14554, 12392, 10544, 12872, 10647, 13974, 13906, 12900]"
../geological_similarity/schist/7Q6KQ.jpg,0.0500249862670898,,"[25701, 29305, 3927, 27017, 26095, 28744, 25765, 16724, 29021, 28826, 25142, 26346, 25320, 27070, 29223, 29648, 25832, 26729, 26750, 26151, 26284, 28428, 18099, 27523, 26611, 27767, 27940, 25688, 19819, 28616, 27953, 28215, 29115, 25424, 27120, 26054, 27475, 29219, 29508, 29535, 27057, 29567, 26279, 27507, 28431, 26787, 25301, 28559, 29304, 26988]"
../geological_similarity/marble/IHR0X.jpg,0.0488269329071044,,"[12586, 13387, 13819, 12655, 13932, 14976, 14124, 13591, 13400, 14753, 14195, 14866, 13816, 14741, 13788, 11362, 14587, 14249, 10288, 11171, 14838, 12999, 13337, 10177, 14323, 13159, 10537, 14174, 10280, 12195, 14744, 13550, 12674, 10579, 13425, 11988, 12925, 12691, 14024, 11558, 13851, 13269, 10284, 11108, 10644, 12122, 11118, 11781, 14394, 10324]"
../geological_similarity/quartzite/STPZD.jpg,0.0490791797637939,,"[16445, 18560, 19027, 15119, 16102, 18185, 18644, 15733, 16408, 19944, 19647, 19250, 19234, 17291, 19544, 17401, 18697, 19365, 19102, 16206, 18731, 18088, 15927, 19755, 17779, 15521, 18125, 19214, 15017, 17932, 17806, 18319, 17543, 19021, 17379, 18623, 17911, 17545, 17365, 15703, 17568, 19885, 19745, 18056, 15361, 17860, 16864, 16314, 16225, 17442]"
../geological_similarity/marble/G0OPD.jpg,0.0482828617095947,,"[12104, 12313, 10162, 14734, 13898, 12395, 10676, 10117, 10394, 12773, 14403, 10426, 14288, 11022, 14635, 14422, 12227, 12291, 11712, 13717, 11408, 14658, 12665, 11285, 12580, 11636, 11025, 11325, 10214, 13526, 10657, 14688, 14751, 14483, 13341, 10915, 11798, 10819, 10803, 13189, 14421, 13245, 12368, 14353, 14123, 12614, 11222, 14871, 12353, 10044]"
../geological_similarity/quartzite/XALGX.jpg,0.0498697757720947,,"[16795, 17673, 18723, 17045, 19535, 17678, 16071, 18738, 19871, 16027, 16000, 17553, 18944, 19620, 19626, 15561, 16152, 16814, 18238, 18975, 19378, 15162, 16415, 18168, 15029, 17883, 19549, 15933, 19363, 15975, 15161, 14999, 16561, 18989, 16867, 16548, 19062, 19656, 15783, 16593, 15529, 19680, 17211, 17145, 18667, 17671, 16487, 18264, 17446, 17369]"
../geological_similarity/rhyolite/JIPHR.jpg,0.0499999523162841,,"[21470, 37, 22839, 23020, 4708, 227, 23477, 24815, 1510, 2702, 1813, 992, 2205, 3758, 857, 1184, 4276, 2005, 23219, 20868, 3650, 930, 3514, 463, 1641, 4298, 23379, 1178, 20167, 4414, 2424, 22966, 2821, 23987, 3798, 498, 20649, 20313, 4359, 3924, 23997, 4648, 23277, 1003, 3791, 4200, 4345, 4408, 1152, 1496]"
../geological_similarity/quartzite/BDPAR.jpg,0.0506281852722168,,"[16556, 4742, 2626, 2615, 3603, 4952, 90, 1631, 2623, 3631, 248, 1415, 152, 394, 3361, 4691, 1648, 13, 4762, 18713, 922, 1737, 2754, 3641, 1446, 2017, 4498, 1859, 17618, 413, 222, 2130, 2170, 2186, 998, 4587, 535, 884, 4134, 2385, 4556, 2344, 1934, 2886, 17007, 3104, 1725, 3044, 4505, 3638]"
../geological_similarity/schist/EUHQH.jpg,0.0490260124206543,,"[25410, 28936, 27015, 28986, 27045, 25368, 26425, 25854, 26893, 25610, 29817, 25495, 28264, 26424, 27686, 26056, 27644, 28169, 27616, 29809, 26171, 25791, 29488, 27933, 27735, 27211, 28968, 29161, 27904, 2609, 28892, 25559, 29703, 29534, 25582, 26968, 25468, 26165, 25496, 28935, 492, 25458, 27572, 28199, 27619, 28894, 26430, 27176, 2191, 28640]"
../geological_similarity/andesite/PSM22.jpg,0.0532567501068115,,"[1590, 4858, 921, 2431, 4840, 4914, 3021, 2223, 2604, 1106, 4782, 4361, 3716, 3358, 4290, 2008, 579, 1629, 319, 2000, 618, 4978, 1694, 327, 347, 3003, 94, 3178, 3261, 1542, 3378, 1270, 4828, 2383, 1933, 2525, 3366, 2868, 332, 446, 1239, 3174, 1154, 1055, 1528, 3576, 685, 1126, 4019, 1247]"
../geological_similarity/rhyolite/PG4XN.jpg,0.0533249378204345,,"[2993, 2962, 23594, 21544, 23410, 23511, 22653, 21721, 23671, 22836, 21707, 3864, 20472, 20822, 24209, 21771, 24950, 23800, 22349, 20738, 2502, 21057, 20015, 4617, 24982, 21072, 24460, 21972, 2549, 21131, 20028, 21977, 22583, 22504, 1045, 24595, 1940, 21292, 21675, 21030, 22380, 24392, 20424, 20492, 23413, 363, 1637, 20394, 1103, 24733]"
../geological_similarity/rhyolite/U1TK8.jpg,0.0522968769073486,,"[23060, 23558, 22089, 2876, 24270, 22912, 20538, 22859, 21466, 4617, 4745, 22995, 2071, 4305, 22633, 21085, 22893, 4894, 22925, 23924, 546, 23524, 6, 1480, 24534, 24089, 387, 20340, 21701, 24205, 21043, 2322, 21866, 23302, 20428, 21830, 3902, 22678, 19686, 22610, 22390, 20492, 20912, 2356, 22930, 3015, 20529, 20903, 22636, 20273]"
../geological_similarity/quartzite/R7067.jpg,0.0498039722442626,,"[18785, 15228, 19884, 17481, 18907, 16408, 19944, 16445, 16081, 16102, 18580, 17291, 16331, 15077, 17442, 15521, 15673, 15119, 15733, 19747, 16314, 19482, 18573, 17839, 17806, 18401, 16120, 15703, 18338, 15512, 19883, 15538, 16570, 17571, 19021, 15675, 19119, 17213, 17779, 19558, 19214, 17493, 15017, 18729, 16465, 19758, 18784, 18943, 16339, 17910]"
../geological_similarity/andesite/LQJJL.jpg,0.0482630729675293,,"[1478, 1737, 496, 3171, 2697, 287, 4786, 4840, 1685, 3174, 2529, 4802, 4196, 3799, 2471, 2383, 4858, 2992, 1694, 891, 390, 1307, 1122, 3638, 1859, 1137, 2956, 2525, 1590, 1106, 2435, 1786, 1532, 977, 2223, 618, 3228, 3318, 4268, 3722, 2008, 859, 3750, 3431, 3125, 189, 1239, 1750, 4652, 1399]"
../geological_similarity/gneiss/R3PIV.jpg,0.0507688522338867,,"[8755, 27457, 9875, 6527, 6211, 8635, 26584, 26754, 9198, 25760, 28268, 5283, 8352, 6297, 6101, 26677, 29742, 28348, 28521, 26481, 25380, 5751, 27777, 6191, 6473, 26948, 25308, 7033, 25043, 25604, 5828, 8285, 29235, 26329, 25763, 26480, 5364, 27964, 7820, 26144, 8730, 24999, 29407, 7915, 26220, 29352, 25208, 29805, 6829, 26960]"
../geological_similarity/schist/LLOS8.jpg,0.0498831272125244,,"[27974, 28414, 27903, 26784, 6261, 6990, 8642, 27959, 27026, 29589, 26559, 6973, 28623, 25302, 25566, 27281, 27595, 27958, 26242, 27280, 29842, 28491, 28974, 25022, 26202, 2551, 26650, 29844, 29550, 29049, 29894, 27335, 25451, 28595, 27526, 13645, 26790, 27227, 26366, 29259, 25591, 27385, 1440, 6187, 28248, 29901, 29262, 28451, 28070, 27604]"
../geological_similarity/andesite/U0V49.jpg,0.0524489879608154,,"[1239, 2383, 1307, 4858, 3021, 319, 2117, 1399, 1122, 618, 433, 3233, 3378, 3799, 1106, 778, 3763, 1656, 4324, 3366, 3777, 2162, 4784, 3003, 390, 4203, 921, 2697, 1385, 3683, 508, 3749, 446, 4782, 4319, 3318, 3494, 799, 4840, 3815, 94, 601, 457, 3125, 859, 3228, 1685, 3959, 1195, 2184]"
../geological_similarity/andesite/4459D.jpg,0.0530250072479248,,"[572, 3521, 2685, 4939, 2812, 3876, 2735, 1291, 2843, 4389, 947, 3381, 1617, 1537, 4365, 1036, 892, 1858, 4395, 23, 2640, 4227, 24133, 4674, 17441, 4762, 2235, 421, 1750, 2525, 2581, 474, 2740, 2455, 496, 2699, 3215, 2213, 2386, 1737, 3085, 651, 3455, 3964, 1326, 18189, 3998, 1527, 4960, 623]"
../geological_similarity/schist/GX7BZ.jpg,0.0506119728088378,,"[27357, 27728, 26718, 27609, 26118, 25992, 26599, 25360, 28326, 28625, 28535, 25345, 28464, 28050, 27605, 29154, 27512, 25598, 26594, 28899, 26651, 27074, 28041, 28771, 28929, 25840, 25140, 29489, 29089, 25912, 27550, 25947, 28412, 25381, 27713, 26845, 27374, 27134, 28942, 29819, 28137, 28541, 25133, 28136, 27203, 26392, 26755, 26652, 29858, 25770]"
../geological_similarity/marble/B74XD.jpg,0.0503909587860107,,"[13160, 11173, 10299, 11523, 13730, 14423, 12233, 12559, 12252, 13268, 12266, 13027, 12910, 14019, 14010, 11426, 10634, 12795, 13503, 11696, 13134, 10700, 12271, 14171, 12566, 10057, 11288, 11810, 13186, 12430, 10505, 13298, 14479, 13435, 13703, 10231, 12180, 12708, 12889, 10623, 14743, 14091, 12159, 14425, 10838, 12743, 12638, 11601, 14306, 13343]"
../geological_similarity/gneiss/37689.jpg,0.0492238998413085,,"[29958, 6687, 7319, 25707, 28344, 6899, 28906, 29273, 27455, 25589, 28637, 28662, 28076, 29136, 27579, 28778, 26067, 6693, 7629, 25498, 7820, 6150, 28782, 29446, 5410, 29890, 9159, 5256, 28809, 7915, 25713, 7395, 6675, 29402, 7468, 8820, 26803, 28886, 28774, 27313, 27331, 7242, 5457, 26866, 5364, 5648, 5591, 28346, 9345, 29742]"
../geological_similarity/schist/G4YPH.jpg,0.0488848686218261,,"[26613, 26642, 28157, 27782, 25998, 29899, 28702, 25388, 25080, 29311, 28095, 25774, 29773, 28153, 27112, 28371, 26004, 27227, 28550, 25400, 28726, 25716, 26426, 26764, 25451, 27674, 29744, 26213, 28441, 26986, 28595, 25831, 6973, 29464, 25004, 29589, 29930, 28184, 28194, 25063, 26179, 24999, 29416, 29055, 26773, 28292, 28463, 8544, 27597, 28527]"
../geological_similarity/andesite/X26UR.jpg,0.0485520362854003,,"[4605, 4939, 446, 579, 3334, 4696, 3190, 2839, 4717, 2010, 4150, 2067, 4858, 4694, 3716, 3026, 829, 2525, 2386, 4766, 2478, 520, 1677, 349, 4907, 230, 1792, 3373, 4049, 1239, 23, 327, 4831, 618, 1537, 1307, 921, 677, 1590, 1941, 4019, 3381, 1750, 4384, 3233, 1399, 3286, 3028, 3318, 4274]"
../geological_similarity/rhyolite/C0V9N.jpg,0.0495049953460693,,"[21582, 22836, 20492, 21982, 22390, 21823, 23781, 20891, 24377, 23302, 4305, 22385, 20424, 481, 21289, 2361, 20988, 4194, 4390, 21061, 20483, 1713, 4917, 22804, 22583, 21087, 22161, 21977, 20187, 22349, 24977, 20742, 20165, 256, 1102, 23275, 23247, 1103, 21721, 4895, 4799, 23944, 2978, 20278, 24003, 24692, 1165, 23605, 24224, 22636]"
../geological_similarity/schist/R8XH0.jpg,0.0546681880950927,,"[28801, 28975, 27828, 28924, 27561, 26300, 27855, 26729, 26622, 27767, 29441, 29223, 28458, 27059, 29001, 26805, 28722, 26893, 27329, 29452, 29219, 25117, 26492, 28215, 29735, 28656, 27182, 29798, 28369, 26346, 29457, 25450, 28034, 29304, 28343, 28143, 28158, 26843, 25458, 26849, 25142, 26483, 25140, 27508, 28096, 29907, 26739, 27730, 27017, 28199]"
../geological_similarity/quartzite/IBRM8.jpg,0.0491230487823486,,"[16065, 15853, 15003, 17441, 16681, 15929, 16166, 16159, 19593, 16557, 18740, 19643, 17767, 17567, 19864, 16221, 17538, 17634, 15651, 15974, 16093, 18753, 18369, 15102, 16823, 19809, 15176, 19412, 18234, 15995, 16290, 16402, 17685, 18196, 19268, 15175, 16420, 15875, 15823, 18484, 18978, 17353, 17459, 17170, 16111, 18298, 16054, 18354, 19705, 17854]"
../geological_similarity/rhyolite/ATXIR.jpg,0.0489439964294433,,"[24939, 21513, 20933, 24691, 20877, 20247, 24710, 23132, 23969, 22647, 22680, 22754, 24083, 24026, 20728, 21087, 24857, 23627, 23288, 4305, 23394, 23529, 23568, 23741, 24424, 23006, 20158, 2373, 20550, 23497, 22456, 24934, 20189, 20369, 21982, 4445, 4895, 21891, 22310, 23933, 2978, 23065, 20645, 158, 23473, 22730, 21880, 20492, 20183, 21734]"
../geological_similarity/quartzite/KGL17.jpg,0.0506951808929443,,"[19143, 15350, 18579, 19188, 16105, 16711, 17398, 16680, 17240, 18891, 16947, 17584, 15809, 18289, 17692, 18067, 17831, 18282, 18626, 18676, 18311, 16520, 19874, 19628, 15394, 16540, 18765, 17059, 18164, 18248, 17662, 19298, 18296, 15145, 18781, 19382, 17644, 18162, 15435, 19866, 17539, 17708, 15401, 18700, 19777, 15744, 16962, 19490, 15414, 17105]"
../geological_similarity/andesite/NOUU7.jpg,0.0495758056640625,,"[3261, 4858, 1141, 3716, 4049, 2478, 1449, 4840, 921, 4238, 1411, 3672, 579, 517, 4019, 2000, 1590, 1629, 446, 2223, 4361, 1933, 327, 1239, 4978, 2383, 1247, 2627, 618, 2697, 2525, 4877, 4054, 1017, 332, 4384, 2572, 3523, 4911, 1137, 3286, 2604, 2269, 531, 319, 4291, 3378, 4786, 3358, 94]"
../geological_similarity/quartzite/1HECR.jpg,0.0490932464599609,,"[16511, 19152, 15828, 19866, 16708, 17945, 18676, 18835, 16105, 18807, 15605, 19932, 16893, 19182, 16117, 15497, 15744, 18512, 16642, 15177, 16520, 19586, 18289, 18579, 18939, 18483, 15187, 18067, 17296, 16914, 17758, 18548, 17692, 16920, 15905, 19471, 19913, 18505, 19851, 16793, 18509, 18968, 16837, 17009, 15731, 19874, 17054, 15902, 16509, 18561]"
../geological_similarity/marble/DT3DN.jpg,0.0502138137817382,,"[11993, 14058, 14442, 14620, 14194, 14287, 13922, 10868, 10994, 11363, 13290, 14798, 11898, 13392, 14145, 13632, 13599, 14530, 14795, 10254, 13158, 13447, 14339, 11447, 12079, 10878, 11290, 14848, 13446, 13278, 12761, 14149, 13405, 14286, 14342, 12062, 14046, 10637, 14447, 11059, 11230, 12464, 12296, 11372, 12295, 11238, 14499, 14488, 14728, 10713]"
../geological_similarity/marble/IDQN2.jpg,0.0505781173706054,,"[12640, 14508, 11242, 14768, 10062, 14666, 10985, 10694, 10557, 12158, 12208, 12604, 13587, 10209, 12177, 14671, 14809, 10619, 13641, 13629, 11086, 13592, 12802, 13191, 14456, 14801, 11181, 11146, 13349, 12944, 12016, 12467, 11239, 10869, 13807, 13111, 14035, 10686, 13523, 14468, 14762, 13989, 11133, 12790, 12390, 13562, 11028, 14677, 12628, 12302]"
../geological_similarity/schist/HN9MP.jpg,0.0495939254760742,,"[25269, 25053, 26512, 28850, 25806, 27291, 28354, 27439, 9713, 25086, 7339, 25141, 28779, 25715, 8879, 9755, 27213, 29413, 29524, 29506, 26358, 6767, 9648, 27706, 6662, 6948, 6818, 8510, 5659, 29267, 28962, 6511, 5212, 27654, 27800, 9780, 8818, 27810, 28800, 8550, 8665, 7770, 29586, 6686, 6487, 9368, 7978, 5330, 5362, 8068]"
../geological_similarity/quartzite/LTJH2.jpg,0.0498111248016357,,"[17441, 17089, 18072, 18387, 18740, 15175, 15755, 18009, 16871, 17567, 16065, 2992, 16681, 15844, 16402, 19312, 4556, 19593, 17122, 19016, 19509, 19374, 2111, 19725, 4211, 3171, 15853, 17174, 369, 15651, 16221, 17685, 304, 18639, 18196, 19176, 16770, 17459, 19673, 17634, 17538, 16557, 17767, 15929, 18953, 931, 16823, 15176, 2017, 15003]"
../geological_similarity/rhyolite/8MDHP.jpg,0.049407958984375,,"[1299, 21208, 3553, 24050, 24795, 3598, 4418, 1147, 20774, 20967, 23665, 24159, 4967, 105, 3586, 23036, 21901, 243, 21612, 3617, 3482, 3411, 4026, 4242, 930, 4345, 3514, 341, 4838, 20034, 1909, 1061, 4359, 3249, 4081, 20470, 2805, 24971, 4352, 748, 79, 4394, 1191, 1206, 4195, 4089, 23390, 21035, 2830, 2029]"
../geological_similarity/schist/63E5B.jpg,0.0485491752624511,,"[26642, 28157, 29899, 29773, 27782, 26613, 27112, 26004, 28095, 25774, 25998, 28371, 25388, 28726, 25080, 29311, 28702, 28550, 28153, 28441, 26426, 25400, 25831, 26764, 27227, 25004, 29055, 27674, 28184, 25716, 26179, 29744, 27597, 28463, 28547, 29464, 26213, 26986, 28402, 28194, 26752, 28595, 27603, 29053, 28292, 26609, 29589, 25451, 6973, 25063]"
../geological_similarity/gneiss/01NQL.jpg,0.0488228797912597,,"[29428, 6333, 5151, 6788, 29136, 25537, 26438, 6022, 7925, 5007, 6130, 6478, 25977, 27777, 8703, 29971, 8048, 7008, 26960, 5045, 7913, 8907, 5544, 29283, 5594, 6505, 6906, 6110, 8694, 6636, 8680, 27106, 8464, 8730, 5642, 29729, 26480, 29909, 5011, 29251, 27947, 5124, 29402, 8617, 5261, 5782, 7468, 28685, 25043, 26570]"
../geological_similarity/marble/FAV3U.jpg,0.0490889549255371,,"[10265, 12206, 14602, 11080, 14830, 13226, 14705, 12941, 11991, 12482, 13553, 12494, 14579, 11824, 13987, 11673, 11722, 14183, 12939, 13634, 12547, 10528, 14733, 14527, 11583, 13861, 11526, 12316, 10938, 14399, 10647, 10297, 10594, 12080, 11709, 10031, 11283, 13016, 13021, 11077, 11750, 14101, 14860, 10315, 10706, 10925, 13187, 13531, 11647, 11731]"
../geological_similarity/schist/J5EAS.jpg,0.0492589473724365,,"[26074, 25010, 28610, 27638, 28969, 27614, 28183, 25447, 29418, 25931, 26635, 26561, 25355, 28193, 27874, 27272, 26050, 28166, 26668, 29779, 28881, 27431, 28934, 26432, 28545, 28477, 27360, 26487, 27349, 26580, 25361, 27134, 28836, 28961, 25238, 25277, 27481, 29783, 26224, 28700, 29266, 28688, 25310, 29019, 28132, 28801, 25367, 28273, 28235, 27480]"
../geological_similarity/rhyolite/TI3O3.jpg,0.049091100692749,,"[21332, 23473, 22405, 24869, 20761, 23605, 20233, 20661, 24904, 21928, 23180, 23679, 24070, 22430, 24658, 24238, 24553, 21008, 24147, 23102, 20795, 21558, 22878, 20498, 20930, 21961, 21411, 23220, 21169, 22649, 22662, 20262, 21807, 21891, 23108, 3212, 21228, 24811, 22309, 23547, 21676, 21014, 22230, 22918, 21806, 20927, 2248, 24448, 21136, 20222]"
../geological_similarity/marble/XAKLG.jpg,0.0494821071624755,,"[12247, 10561, 14199, 10409, 12322, 14011, 14629, 14050, 14151, 11782, 11326, 12445, 12534, 12637, 13953, 10808, 10289, 14202, 12896, 10835, 12687, 13013, 14720, 13035, 11403, 13307, 14704, 12573, 14373, 11427, 12318, 11860, 10731, 14083, 10427, 13073, 12508, 14780, 12299, 12856, 12077, 11460, 14432, 13434, 13083, 12457, 14841, 13079, 13430, 14581]"
../geological_similarity/marble/WR9FH.jpg,0.0513331890106201,,"[12802, 14560, 14809, 14263, 14762, 10479, 11995, 13876, 10209, 14419, 14466, 12787, 12098, 13826, 14468, 10619, 11682, 12876, 14105, 12306, 13830, 14148, 11242, 10974, 12489, 11716, 11939, 14508, 13592, 10682, 10869, 13787, 10352, 11430, 12158, 13629, 10710, 10253, 14768, 11181, 13140, 10158, 14605, 13587, 12426, 12208, 13807, 10446, 10106, 13737]"
../geological_similarity/andesite/0PVZK.jpg,0.0557491779327392,,"[107, 655, 4172, 4468, 1532, 306, 3564, 1761, 3177, 3228, 1041, 390, 2117, 490, 4209, 2942, 2525, 3763, 1399, 3815, 1088, 19329, 2640, 2429, 3318, 3959, 2761, 2631, 3036, 4398, 23, 1307, 2495, 3233, 677, 4654, 1181, 2623, 2141, 2433, 4668, 4888, 2184, 2142, 2606, 4727, 4946, 2321, 1702, 1466]"
../geological_similarity/schist/2K2OG.jpg,0.0525479316711425,,"[14210, 27488, 27951, 12030, 14159, 25359, 12923, 12477, 12914, 14516, 29310, 11057, 28449, 12843, 10310, 11311, 25493, 11177, 27181, 11303, 10121, 27220, 10549, 27838, 27784, 13454, 12727, 10018, 14149, 13402, 13943, 12811, 14016, 29739, 10239, 12483, 25818, 14121, 11658, 25258, 12541, 25821, 26453, 12166, 10014, 11200, 14620, 13910, 11753, 11803]"
../geological_similarity/andesite/CJJ4E.jpg,0.0494327545166015,,"[1739, 1779, 3209, 4588, 3587, 2236, 248, 4465, 1934, 2886, 3361, 1631, 1859, 2615, 4695, 13, 3583, 2943, 386, 3641, 15680, 193, 2932, 884, 1220, 4391, 3138, 2429, 1482, 1588, 3603, 2194, 535, 1138, 3083, 4785, 4077, 90, 2991, 2181, 4927, 2254, 394, 17618, 4466, 1757, 4104, 222, 3552, 3044]"
../geological_similarity/rhyolite/N25C3.jpg,0.050441026687622,,"[21372, 22321, 23265, 22160, 23331, 23704, 21468, 23793, 23963, 21579, 22379, 22841, 22794, 20361, 20005, 23728, 20870, 21298, 21703, 20682, 24066, 24371, 23571, 20756, 22918, 20380, 2825, 23438, 23733, 24185, 23153, 24711, 23222, 24149, 20943, 21122, 22247, 20831, 3557, 20704, 22527, 20050, 24852, 22903, 21588, 21671, 23133, 23367, 24010, 20729]"
../geological_similarity/schist/4CEIR.jpg,0.0484716892242431,,"[27289, 26494, 25502, 29406, 26608, 25780, 26263, 27383, 29252, 26176, 26278, 27012, 25598, 25552, 26654, 28231, 29716, 28223, 26492, 26842, 27203, 27008, 26996, 26134, 25215, 26133, 27100, 27039, 29902, 29896, 26872, 25193, 25037, 28369, 26010, 25504, 28475, 26622, 27632, 26484, 28442, 27105, 25374, 27834, 28370, 29137, 29757, 26652, 27512, 29300]"
../geological_similarity/marble/WR9FH.jpg,0.0507879257202148,,"[12802, 14560, 14809, 14263, 14762, 10479, 11995, 13876, 10209, 14419, 14466, 12787, 12098, 13826, 14468, 10619, 11682, 12876, 14105, 12306, 13830, 14148, 11242, 10974, 12489, 11716, 11939, 14508, 13592, 10682, 10869, 13787, 10352, 11430, 12158, 13629, 10710, 10253, 14768, 11181, 13140, 10158, 14605, 13587, 12426, 12208, 13807, 10446, 10106, 13737]"
../geological_similarity/marble/TCUV3.jpg,0.0503661632537841,,"[11665, 11939, 13689, 13826, 12090, 11268, 14814, 13241, 14199, 11126, 13035, 14868, 11058, 12740, 14400, 10962, 10258, 10831, 14466, 14135, 12094, 10619, 12489, 10782, 14482, 13802, 14704, 11557, 14907, 10446, 13063, 13148, 13434, 12445, 12322, 12869, 10808, 14762, 10248, 13588, 12508, 12754, 11826, 12747, 13033, 13641, 13083, 12787, 10328, 10289]"
../geological_similarity/rhyolite/N7T32.jpg,0.0506689548492431,,"[22703, 21435, 20258, 22713, 3659, 24597, 23558, 2844, 21815, 23880, 21476, 22610, 22978, 21574, 21010, 4716, 20641, 2502, 23129, 2458, 22531, 24485, 23299, 21499, 21561, 23915, 21775, 216, 23302, 20086, 22504, 24906, 21074, 1828, 22804, 20154, 22971, 20886, 24571, 24099, 20803, 21582, 20292, 22278, 22032, 21746, 21721, 22685, 23789, 23855]"
../geological_similarity/rhyolite/LFRK2.jpg,0.0491011142730712,,"[20764, 341, 204, 20868, 1794, 2670, 1950, 2328, 1888, 1797, 2846, 2050, 1641, 23581, 4449, 4701, 4251, 3924, 720, 24014, 21650, 2821, 3208, 1333, 2137, 2805, 22686, 4648, 23962, 3663, 4510, 20505, 1857, 4345, 1781, 1224, 3008, 1178, 412, 3606, 919, 3467, 2576, 1034, 1248, 1184, 4359, 23281, 2841, 115]"
