,testing_image,output_indices,search_time
0,../geological_similarity/schist/TEJ1Y.jpg,"[29065 28259 25578 26318 25975 28953 26255 28812 25754 29330 29324 26573
 27118 27426 28789 29193 27969 28192 25522 28598 29626 29474 27716 26502
 26000 29888 29111 26974 26246 29759 25214 29228 25397 27906 27004 29487
 28162 25466 26667 26821 25804 25562 27955 29569 29746 25545 27116 25274
 27027 28955]",0.04399681091308594
1,../geological_similarity/marble/13P1E.jpg,"[10152 13203 13641 13701 11430 13093 11181 14468 11653 14762 13716 14308
 13470 10974 11795 12158 14369 12208 10479 10448 10619 11682 10682 12731
 12396 14907 12016 12489 14632 12205 10253 12790 12787 10032 11967 12762
 10158 13224 14671 13629 11315 14752 13121 12356 12145 12613 14253 10020
 12670 13838]",0.04301142692565918
2,../geological_similarity/andesite/RRGXD.jpg,"[3818  573 4126 2710 1118 1109 1576 1115 4373 4813 4795  435 2516 3101
 3076 3858 3270  536 4679   12 1570 2305 3430  490 4023 2743 1685 1669
  891 3085  738 2578 1527 3530 3766 4253 4670 2910 1672 1345 1726 3431
  858 2674 4727  623 2346 3071 3303 2166]",0.037996768951416016
3,../geological_similarity/schist/PEVYX.jpg,"[28534 26574 26369 25772 29034 26452 25824 29192 25739 29140 25575 25744
 29677 26400 26338 29827 28692 25629 27866 25580 27825 28931 27576 28853
 29893 29126 29693 26178 29485 26841 29568 25391 26778 28085 25499 27939
 29764 28060 26675 29984 26840 25814 28453 28719 28798 27559 27968 29963
  7446 27460]",0.03499960899353027
4,../geological_similarity/schist/66ZT7.jpg,"[25850 27277 28865 28430 28950 29345 29614 27094 25049 29312 25192 26145
 26373 27891 29662 27099 29668 28356 27001 29854 27701 26291 26694 26724
 27681 26932 28948 26479 29864 28657 29847 27872 28181 26880 27628 25853
 29911 28048 27421 27447 25024 27210 26104 28965 28684 25246 27557 28963
  2275 29935]",0.03700852394104004
5,../geological_similarity/marble/6CLSI.jpg,"[10908 11232 11966 10751 10111 13412 10452 12230 13073 10958 14127 13198
 10301 10841 11768 12856 14531 12938 12445 11615 11489 14408 10535 13921
 10931 11905 14880 10986 11913 14816 10655 13578 10330 12817 10855 14821
 13616 12387 13718 10483 14084 11259 14870 13088 13671 13331 14865 13839
 11120 12964]",0.03997611999511719
6,../geological_similarity/quartzite/NHUYS.jpg,"[18257  2669 18899 19892 15925   270 16313 17656   929 15855 17067 19441
  2744 17429 16672   600 17843 15989 17207 19496 17732 16564 18154 15902
 19468 16796 19492 15863 17001 17151 16478 16180 19255 15814 16965  4378
 18134 15324 17829 18806 19672 15007  3537 18642 18171 18754 18604 17682
  3100 17846]",0.037986040115356445
7,../geological_similarity/schist/4U82N.jpg,"[25650 27377 27057 26909 29452 27424 28911 29852 28391 27230 25722 29907
 25944 29341 28621 27914 29691  1436  4138 25323 27096 25601 25151 28005
 27412 28826 29794 29196 26739 29547 26402 29001 29872 26105 28190 28698
 25424 29503 26843 29137 29659 25538 26593 26007 28199 29927 25551 28560
 28046 27517]",0.03900790214538574
8,../geological_similarity/rhyolite/NGW1J.jpg,"[23338 24270 21763 21811 23795 22296 23800  1965 23524 24813 24151 21578
 20813 21774 23490 23525 22078  4745 23037 23605 24583 23475 22997 24785
 23923   546 21225 24542 22541 24318 21501 21973 22345 23584 22339 22049
 23226 22653 24982 20282 20877 24186 20046 24589   333 20339 20492    30
 21982 23518]",0.033998966217041016
9,../geological_similarity/schist/BNXPM.jpg,"[26601 29265 29568 29984 26778 29126 29893 29566 26841 25814 27968 26238
 27939 29192 26400 25110 25391 25739 26452 28692 29963 28853  7446 25824
 25575 25772 26369 25629 29140 29764 27825 27741 26579 28925 27413 29034
 28675 29827 25744 26434 27460 28763 29012 28555 26808 29485 26840 28060
 29677 28111]",0.036995649337768555
10,../geological_similarity/rhyolite/CZIVC.jpg,"[21816 24197 21754 21017   614 22695 24537 20260  3856 20589  2459 24845
 21863  2915 20009 22233 21007 23084  4142  1306  3519   265 21556   903
 21725 24257  3718 23348  4329 22780  1046 21687 21160 23257 21772 20360
 24435 21978  1405 21415 24629 22785 23174  4707  1729 23357 21571 22755
 23131 24527]",0.036000967025756836
11,../geological_similarity/quartzite/UVK6S.jpg,"[19323 17661 19342 15504 16128 18409 19498 18458 15299 17774 15764 17703
 19960 18035 17808 19148 17825 19799 17624 19761 17430 18211 19551 17621
 18599 19711 15743 19269 16215 15750 17982 18895 17440 16428 19204 15312
 16274 19800 18022 19106 18180 17246 19246 15563 19595 15092 16058 15384
 16803 19326]",0.04199838638305664
12,../geological_similarity/gneiss/AQWU7.jpg,"[ 6499  6449  9662  9160 29431  6389  7147 28817 10711 10689  7672  5698
 27156 14313 10845  8475 29103  7436 12281 10064  6016  9301 14414  7333
 14575  6736 13925 10792 13416 25312 13165 11608  7712 14779 29207 13391
 11799 13692 13732 12027 14839 11085  9707 11705 14144 26340 28799 11497
 28568  8834]",0.03999900817871094
13,../geological_similarity/rhyolite/B39AI.jpg,"[21552 20860 21852  3476  3820  4708 20465 20869 22633 22540   902  4137
  1794 24525   541 23404  1813  1821  4414 23838  3114 24338 22103 24305
  1083  2684 21425 22839    37  1857   919   603  2556  4200 22753  4648
  4990  4510 20658  1937  1724  1172  3549  3746 22895  4924   992 22709
  1950 20027]",0.037996530532836914
14,../geological_similarity/quartzite/DCHOS.jpg,"[16850 16882 15429 19433 17917 16783 17393 18853 15164 16930 19523 17168
 15935 19202 19689 16180 15821 17317 18704 19966 16725 17623 18967 18625
 18116 15737 19163 18972 18177 17494 17490 17079 17820 16381 17283 19105
 19675 17033 17143 18429 18856 18456 17529 19597 15220 19403 18472 17575
 15718 17134]",0.03899741172790527
15,../geological_similarity/marble/3WBP6.jpg,"[10586 10953 14855 11955 13722 13436 13012 11641 14167 12044 11068 13005
 13338 11915 11063 12852 14618 11596 10407 10090 12832 12864 12047 12580
 11034 11732 11777 12901 11815 10851 11809 14767 10389 13649 14483 13269
 14068 11858 13705 14845 13309 12066 10968 11828 12096 13106 10168 10550
 10182 10266]",0.046521663665771484
16,../geological_similarity/schist/4WITK.jpg,"[25658  9532 29877 26295  5567  7863 27042 27011 28465  6655 29655 27033
 26583 27592 28085 26230 25487 28846 26031 26283 28738 28297 29557 25034
 26198 27333 28570  5158 27956  5862 29992 28609 29667 26911 28631 27559
 28952 25148 28311  9590 27966 28938  9395  6829  9670 26450  6111 28438
 25505 28531]",0.04099869728088379
17,../geological_similarity/schist/CM3SF.jpg,"[26738 27827 26081 29714 25410 28986 26805 29928 25843 28935 27015 29488
 29395 28722 27211 26419  1994 28892 26425 29911 25960 28936 28264 27045
 27612 29533 28657 26893 29784 29534 28894 28199 25854 27239 28215 26183
 26171 25582 26533 28420   681 29817 28721 28492 26537 27804 29864 27933
 29994 26433]",0.03999924659729004
18,../geological_similarity/andesite/CTYZM.jpg,"[ 1825  3760  3090  4286  2329  3264  2258  2573  2775  4677  3672  1366
 17902  2541  1017  4628   468   647  4883  4095  3571  4959  1438  4890
  2706   408  4599  4201  4371  4773   252  1497    56  4809  2357  4436
  3624  1981  4411  2030  4224  3479    99  1700   565   904  4707 15623
   352  4284]",0.03800082206726074
19,../geological_similarity/marble/94WJ8.jpg,"[11305 10614 13522 13833 11923 10564 11836 12511 11120 14924 13595 14340
 11259 14134 10021 13310 14633 12856 10747 11295 12651 11070 10823 13029
 14507 11215 14627 10070 12786 13358 11387 12160 14214 10655 13266 14522
 10571 11719 12689 11218 10389 10173 13210 13034 10731 13959 14662 11661
 13718 10370]",0.0449979305267334
20,../geological_similarity/quartzite/5N0EW.jpg,"[15747 19758 18810 19440 19548 17349 15985 17578 18026 17570 16465 17824
 15006 19371 15465 15886 15181 18526 16939 17447 15768 16988 19119 15884
 15850 16720 17852 17004 17839 16158 19348 15832 17183 17213 19365 18474
 15046 18046 19034 19125 19086 19652 17401 18317 19762 16568 18185 17605
 15903 17111]",0.03699970245361328
21,../geological_similarity/gneiss/SKDTL.jpg,"[ 8944  5935  8062  6018  7259  8096  6356 28065 26620 29148  6072  8154
  5934  7569  8370 27380 26015 25852 27795 29082  5792  9564 26398 25652
 26057 27425 27391 27727 25699 29701  6235  6017  5599 26967 28583  9214
  6357  6476 26745  9100  8089  8111  6157 26317  9197 26793  9851  6923
  5914  7399]",0.03800058364868164
22,../geological_similarity/andesite/RETXJ.jpg,"[ 3768  1343  2198   117  1679  1445  4722  1068  2527  1642  2147  2247
  4805  2737    18   157  3533  3786  2257  1423  1700  4094  1497  3503
   108  4080   923  4377  4095  4353  4295  3077  1998  2888    63  3684
   924  4500   170 15777  2861  1986  4704   946  1771  4764  2741  4522
  3619  3970]",0.04000091552734375
23,../geological_similarity/marble/76MEJ.jpg,"[11028 13503 12646 12628 13721 12010 10002 12743 14677 12910 10919 10481
 11718 12622 13253 10068 12002 10193 11212 10703 14764 12889 12897 12526
 11173 10418 11013 13162 10898 13864 12701 10321 11741 10299 13343 10057
 12406 13847 10872 11696 13027 11635 10634 10706 13805 12271 12903 12233
 13233 11280]",0.039002180099487305
24,../geological_similarity/andesite/90EYL.jpg,"[1240  621 4551 3301 3026 4939 4382 2812 1022 4506 4605 1761 4156 1155
 1409 1181 1782 2685   85 2581 2420 3455 2942  770 4819 3564 2761 1450
 2086 2631 2023 4694 4253 3876   64 1537 2990 4337 4907  580 4585 1730
 3295 2953 4098 4412 2081 3024 1737   23]",0.04000067710876465
25,../geological_similarity/rhyolite/NN9S5.jpg,"[23356 22097  2576  2702  1888 23747  3728   196 20875  2751  3924   955
  3918  1931  3241   781  1080   701   341  1206 20648  1333  2005  2063
  1096  1178   265  3514 23073 24874  2846  1224  4641  3602  3211  3360
  3670  1781 20260  1641  2337  1813  2841  3549  1134  2408   118  1184
   672  2173]",0.03999829292297363
26,../geological_similarity/marble/F28KQ.jpg,"[12163 11277 14788 14298 14518 14758 12461 13914 11016 12207 13668 11542
 10105 12474 14454 10517 11353 13843 13806 10255 11282 14497 14543 11510
 14800 13984 12598 12850 14715 12987 10132 10568 14418 12758 10705 12119
 10952 11164 11176 14462 13445 10192 12498 14759 13511 12620 14435 13394
 10824 11626]",0.038002967834472656
27,../geological_similarity/schist/SUK5N.jpg,"[29000 26878 27474 28264 25525 29925 29784 29817 29911 27925 29488 28986
 25410 27612 26171 27277 27045 29703 27923 26443 27099 25559 29369  1994
 28657 25850 29348 29668  3306  2253 25676 27305 26086 27619 27094 28843
 25854 26291 27015 28181 28420   954 25582 27238 26104  2275 25941 29875
 27572 26285]",0.03800082206726074
28,../geological_similarity/andesite/SD5XB.jpg,"[3915 4663 1205 1587 1337 3291 1173 1071 2436 1033 1618 2075 2038 4594
 2919 4974  873 4798 2440 2493 3752 1280 3538 2454  333 2231 4753 3838
 1762 2922 4676  825  713 3309 1013 2912 3057 2255 1653 3892 1876  582
  402 1196 2358 2864  295 3934 4572 3839]",0.03600788116455078
29,../geological_similarity/andesite/MIA2D.jpg,"[3090 2288 3672 1017 2706 4809  252 2295 1981 2775 3760 4384  531 2635
 4677 2269 1411 2223 3688 4707 3264 4238 4724 4978 3261 2572 4411 4881
 2258 4522 3571 3128 1141 2627 4290 4436 3626 4284 1126 4628 3997 4361
 2000 3021 4959 2345 1247   88 4840 1292]",0.03699946403503418
30,../geological_similarity/andesite/KXGQP.jpg,"[ 2869  4702  4078 24011   142  4214 21374  1931  2374  1601 22102 22047
   118  4444   955 22719 22362 24602   196  1080 24135  1984  1218 21195
  1831  2591 24422 20300  2975  4458 22901  4616   855 22202 23471 21187
 22238  3744 24874  4263  2408  3918 20798 20324 21930  1844 20381  4335
  3549 20989]",0.03898310661315918
31,../geological_similarity/quartzite/SNJ8U.jpg,"[19005 16270 17534 17492 16119 16403 15913 19561 18541 17880 16052 19876
 18140 19660 19232 17786 15270 17200 18031 18658 15729 18868 15874 18735
 18774 17409 16889 18262 19364 15304 15524 18528 15959 15083 17488 19162
 18313 19040 15719 19054 18432 18174 15438 18212 15409 16053 19073 17348
 18081 19038]",0.04200029373168945
32,../geological_similarity/rhyolite/71DA2.jpg,"[20997  3015 20917  4336 22028  4312  4018  1794  4322  1857  1003  1829
 20006  1146  2997  1976   919   377 21732 24423 21681   399 23985  2402
  3606  4170  2066  2220 23124  3476 20837  3388  4648  4990  2556  1797
   541  4242  4510   445    44   992  2653  4044 22709  1589  2793  4215
  2439 21553]",0.04399824142456055
33,../geological_similarity/gneiss/N8RSU.jpg,"[ 8198  9988  8872  5256 28104  9657  7270  6265 27849  7253  7493  5136
  5484  6512 27744  5290  6943  8858  5942  5765  5748  6150  6834  9748
  7432  6746 29595  7041  8478  7543  7518  6412  5537  5910  8920 27643
  5851  9394  7174  8605  9974 25415  7414  6099  9245  9315  6542  9610
  8285  9637]",0.03800225257873535
34,../geological_similarity/quartzite/0QWCD.jpg,"[15077 16120 15821 17363 15647 18573 17317 18177 16180 16146 16930 15737
 17575 18704 19224 15303 18967 19675 19843 18729 19403 17820 17134 17850
 15024 16882 17229 18429 16424 17571 15718 15990 19214 17929 19202 17484
 19863 19433 18543 17219 19613 17537 15429 16409 19747 17151 15508 17221
 17283 16240]",0.03699684143066406
35,../geological_similarity/andesite/HIGW8.jpg,"[ 2436  3291  3915   873  1587  1071  4663  2919  1337  1618  1173  3538
  1205  2075  1033  4594  1808  4753  2038  4798   333  2440  4974  2922
  3309  3752   631  2493  2231  4288 20415   713  3839  2454  4347  2271
  2334  3934   588  2864  4676  1196  1401  1013  4572  1280  3838   825
  1762  2912]",0.03699660301208496
36,../geological_similarity/quartzite/HSM5H.jpg,"[17455 17737 17848 19413 15844 15970 19509 16493 16750 18121 18072 17308
 15621 17122 18870 18654 15953 18424 17854 18484 17935 15701 17604 16296
 18725 17980 17195 19930 15019 16115 17685 18302 15175 19905 16770 15904
 15209 18666 17705 16096 15200 18387 19574 19959 17607 15182 15214 15693
 16907 19497]",0.04099535942077637
37,../geological_similarity/gneiss/RQWHB.jpg,"[ 8832  5594  5711  8001  7948  5051  9836  5261  7542  7753 29909  6698
  9068  6385  7603 26710  8440 28889  5959  5694 29531  5691 28509  5350
  7614  7750 27396  6110 25664  5124 28102  5494 28761  7819 27052  9535
  8820 28091  5889 26526 29035 25097  7518  6033  9382 25977  9563 26273
 29234  7468]",0.03800368309020996
38,../geological_similarity/quartzite/VSGIJ.jpg,"[19463 16002 15815 19418 17752 19256 15835 17794 18306 18536 17357 19501
 18562 16306 16440 15893 17101 16758 18839 18294 15757 19506 18515 16141
 16791 17679 16544 15192 18820 18772 15763 19712 19749 15731 16153 16887
 17452 19117 15576 15585 19324 19154 15020 18037 18575 19003 18732 17831
 15890 16746]",0.046999216079711914
39,../geological_similarity/gneiss/N2XWS.jpg,"[8178 8888 8508 8942 7800 5517 5313 7142 5470 9091 9887 6930 7137 6005
 9952 6663 9209 9658 5489 7362 8623 9750 6672 5237 8125 7528 9853 9298
 6383 8004 9801 7917 6240 5949 7294 9760 6055 7895 9979 9797 7517 9926
 6543 9323 8720 9297 8715 6563 6067 9303]",0.03807187080383301
40,../geological_similarity/andesite/PEGIO.jpg,"[ 3479  3993  1772  2568  3463   334  1700  3688   734  2481 17969   180
   565  3154  4482  3367  2345   524  4353  2531  4767  4628  3732  4863
  1679  2985  3628  3970  4007  1765  2432  4902   434  2030  4284  2083
  3636  1438  4659  2002  4374  1897   308   357  3618   743  2944  4508
  4653   300]",0.04999661445617676
41,../geological_similarity/marble/JTPSE.jpg,"[12841 13655 11426 14791 13021 12635 12571 10954 11369 12583 14138 13798
 12488 11647 11907 11811 14200 11049 12459 13553 10938 14270 13420 12229
 10601 12963 13860 12566 11580 14479 10551 10838 11590 14019 14045 12088
 12233 10238 10512 14860 13160 11484 10649 10231 12889 11159 10201 13988
 10700 10296]",0.039069414138793945
42,../geological_similarity/andesite/LYRS2.jpg,"[ 3023  3925   697  1014  3573  2673  2003  1265  2072  1225  3534  3974
  1185  1947  3073  3316  2575  3605   820  1000  2533  1387  4671 19569
  4822  4699  2972  1840  1319  4387   244   954  3361   409 17167  3197
  3639  1643  1236 15680    50   797  4040  1740  4540   991  4563  1511
  2768   888]",0.0379939079284668
43,../geological_similarity/rhyolite/XY5WG.jpg,"[24713 21764 20132 21361 20340 22678 23103 22930 23439 22231 21982 24381
 24730 22912 20647 22606 20387 22945 22385 20742 20175 20891  4745 23551
 24794 24297  2301 22636 22310 22559 24542 22272 24003 21721 21866 21977
 22522 20604  1724 24266 23127  4917   546  4716 24448 20453 22089 22893
 21553  1103]",0.0410003662109375
44,../geological_similarity/rhyolite/E8AZJ.jpg,"[21993 23485   351 23646 20431 22079 23029 21385 21939 22366 21053 24726
 20334 22574 24873 24014 22238 20319 24899 21003  1098 24894 21637 20939
 24922 24514 22502 23508 22769 22719   908 23995  3962 20282 22659 24725
 21901 23458 21195 23225  2914 23578 22631  2818 22427 22611   243  4137
  4658 24059]",0.06399869918823242
45,../geological_similarity/quartzite/QOIA1.jpg,"[18719 19238 15030 18304 17957 17967 16820 16096 16175 19677 17259 16094
 19347 17705 15182 18630 19497 15701 17813 19754 19183 18957 15762 18911
 16155 16507 19805 19828 18766 16235 16862 17443 17353 17577 17694 18645
 15606 16149 18484 17854 16350 18439 15974 16626 16676 17285 15196 16922
 16124 19890]",0.07500147819519043
46,../geological_similarity/andesite/3OMB6.jpg,"[  525 17504  3553   908  3351  3617  3686  4495  4918  4195  2536   714
  2649  1539   788  3969  3107  1428  4408  4405  3017  1937  4838   204
  4954  2684  3495 21457  2163  4457 19318   336  2486  4837  4420  2176
  4042  2087  4868  3340  4298  2830  4705  3690  2336  2594  4693 20006
  4532 15086]",0.035002946853637695
47,../geological_similarity/gneiss/UP0RI.jpg,"[9244 5359 7526 5034 5514 9699 8874 9938 8086 5222 7553 5185 6841 5017
 6259 5292 6244 8548 6719 7323 7510 9739 9445 8493 9354 8821 9439 5570
 8174 5550 9061 7916 6669 8844 7387 7617 7093 5040 6426 6056 5170 7456
 6885 6568 5495 8185 5979 8014 9826 7500]",0.035996437072753906
48,../geological_similarity/andesite/GKHED.jpg,"[ 2311 17531 17131 18753 16066 16550 16214  1305 15651 19374 18953   369
   228 17936 16164 17634   931 19809 17538  1351 19622 15957 17685 19930
  4829 17981  4610 15566 15929  1237 17245 18901 16781 17031 16770 16185
 15200 18387  2792 17980 18666 18870 16065  1011 18095  3584   628 15853
   887 16296]",0.03599810600280762
49,../geological_similarity/marble/Q7GHO.jpg,"[13711 13977 14791 10735 13987 12915 13016 11159 12963 14733 14200 10938
 11426 12229 12635 12566 14860 13442 10296 14045 10200 14270 13553 13655
 11796 13627 11730 10201 12636 13860 12841 11267 12872 12571 14423 10528
 11369 10404 12392 14479 11021 13906 10680 10544 14478 14122 11933 13207
 10700 12198]",0.037000417709350586
50,../geological_similarity/schist/7Q6KQ.jpg,"[26054 25701 29021 28315 27879 16724 29237 28407 26750 27449 27017 25347
 27035 27262 26313 29115 28744 26492 26097 26593 26611 27523 28332 26151
 25315 25605 26277 27435  1768 28615 25725 29574 29116 25224 16726 25382
 29630 25817 26235 29229 25450 26250 26828 28306 26027 27057 25813 28263
 27254 25576]",0.04599714279174805
51,../geological_similarity/marble/IHR0X.jpg,"[12655 12586 14323 14838 14753 13159 14124 14208 13932 13387 13819 14249
 10074 13816 11362 14866 12234 14195 13591 12013 13098 12298 10337 13494
 13308 10918 13675 14024 13400 12912 14555 13659 10246 10745 12654 13337
 10941 12674 11171 12122 13107 10537 10177 10579 14944 13731 12738 12025
 11581 14744]",0.041997671127319336
52,../geological_similarity/quartzite/STPZD.jpg,"[19028 18083 17911 17496 18125 16453 19234 18602 16901 15506 18831 18027
 15212 17379 18149 17932 19027 19579 18560 15347 15322 16510 17136 19247
 17532 15543 16835 16406 18185 16398 15811 18088 19544 15555 17235 16776
 15950 17691 16931 15797 19365 16056 15804 19244 16773 17545 18419 18476
 15462 15887]",0.038004159927368164
53,../geological_similarity/marble/G0OPD.jpg,"[12313 14734 10214 13656 12580 12395 10819 11694 11641 14532 13189 11025
 14483 11285 12832 13955 14157 11415 14422 14703 10676 12901 13578 10117
 13210 12353 10349 11325 10373 14340 12270 10657 11408 11864 14068 12885
 13717 10803 13438 10426 14489 10182 13898 12102 12077 11777 11350 11712
 11317 14969]",0.03800201416015625
54,../geological_similarity/quartzite/XALGX.jpg,"[19656 18738 18327 18238 19363 18436 18315 19498 15312 16089 15092 16428
 19551 15450 16519 15724 18872 16282 15529 15526 16285 17909 19778 15643
 19299 17800 15162 19626 16152 19093 17976 17787 15933 17768 17621 19148
 19068 18599 17783 19797 15945 16433 18450 16803 19928 16079 19199 16165
 16232 17171]",0.03599357604980469
55,../geological_similarity/rhyolite/JIPHR.jpg,"[22732 23419 21557 21485  3415 20740 20880 22095 20414 23477 24537 21935
 23953 24803 20868 22512 24621  1152 21618 23010 24833 24640 21854 22233
 23219  4449 24219 22487 21760 23036  2649   672 23277  3211 21156 21160
 23818 21449  1069 23491 24449 20670 20573  2205 21687 20215 23960 23233
 21508  1888]",0.036989450454711914
56,../geological_similarity/quartzite/BDPAR.jpg,"[16556  3603  4952  2626  4742  3631  2615   152  1631   248  4841  4134
  4498 17618  4899   998  3361    90   922  4691  2364  4998   535  2130
  2754   394  4556  2186  3044  1446  4665  2623 17007   890  3641  1648
   222   422  4505  2385  1681  3259   961  3104  2366  2886  4762   304
   441   671]",0.039998531341552734
57,../geological_similarity/schist/EUHQH.jpg,"[27045 28986 26171 28264 28169 25410 26425 26739 28894 29925 29703 28343
 28404 27644 26533 27686 27015 28053 27182 27767 28199 26419 26968 26729
 28936 29534 27933 27572 28722 27619 26424 29039 28924 26285 27059 28672
 28094 25622 25854 26165 27616 27596 27239 29714 25610 28640 26805 29817
 29533 28410]",0.039999961853027344
58,../geological_similarity/andesite/PSM22.jpg,"[3530  610  424 2305 1209 4941  984 3270 2529  234 1694 3366 1024 2578
 1815 4052  124 4010 4258 4709 4079 2920 2070 4813 3178 2008 4595  573
 4145 4104 3518 2367 4373 1340 3003 3799 1074 1106 4113 2989 2142 2678
 4727  499 3125 3737 2543 1345 4888  738]",0.03799796104431152
59,../geological_similarity/rhyolite/PG4XN.jpg,"[23594 22997   546 24395 20933  4745 20581 22522 23627 24982 23529 24733
 21982 22653  4617 21570 20028 24083 22380 22100 21763 24156 24932 23060
 21030    30 22049 20492 20394 27010 21057 21721 23435 21509 24270 21138
 24186 20727 22898 23065 24542 23488  1019  1183 24607 24460 23584 24939
 21043 23969]",0.04899144172668457
60,../geological_similarity/rhyolite/U1TK8.jpg,"[24182 23879 24270 22524  4745 24725 21473 22830 21920 24186  2876 22633
 20273 23060   546  2071 21085 24542  4617 21043  1965 20340  4708 21466
 20727 24165 21425 22653 22581 22352    30 22859 22912 22493 22253 20538
  4894 21693   333 23919 21701 21866 25925 21743 24083 21824     6 21912
 21217 21830]",0.0359959602355957
61,../geological_similarity/quartzite/R7067.jpg,"[18785 19286 18407 18573 18729 17495 19156 16339 18429 15228 15675 17839
 19675 17435 17464 19000 16120 16465 16958 18762 16081 15077 19758 18677
 16202 18286 19414 17300 16598 16569 17571 15733 16240 19224 16104 17291
 19884 18856 15521 17034 18580 16146 15138 17824 15512 18433 16580 18907
 18404 18869]",0.0409855842590332
62,../geological_similarity/andesite/LQJJL.jpg,"[2992 3223 2103 1859 2385 1685  222 4425 1115  496  891 3799  189 2585
 4727  986 2651 1737 2100  623 3641 2529 3858 2736 2429 3464 4010 1202
  984 4813 4505 3431 3530 4140 2718 1217 2606 3319 2879  675 1532  304
  124 4196 2455 2580 3430  390  466  738]",0.036985158920288086
63,../geological_similarity/gneiss/R3PIV.jpg,"[ 8755  6847  9875  8325 27457  6101 28268  6611 26754  8635  6297  5751
 25308 26584  7033  6465  8149  8285  5945  6473  5352  6527 26220 26329
 26948  8352 26186 29742 28348 25763 25380 29235 25043  9198  8510  5828
  5364  6211 27777 26677 28521 26960 29282 28749 24999 25604 28870  9943
  7332 27910]",0.0390017032623291
64,../geological_similarity/schist/LLOS8.jpg,"[27974 28414 27903 26100  6261  6990 26202 26784 29755 25407 26242  6973
 27227 26075 29589 27674  6187 25873  2551 26559 27026 27595 25566 29844
 29464 28974 26800 27281 25249 28153 25336 29550 27959 27301 28670 26790
 26822 10351  9380 29331 29548 27406  8642 25901 28595 27295 29565 29186
  6898 25623]",0.038996219635009766
65,../geological_similarity/andesite/U0V49.jpg,"[4166 3234 2341 1077 3766  218  853 1118 1774 1600 3405 3430 1238 1412
 2723 2733 1396  785  949 1673 2879 4528 4795  306 3789 3268 4074 3812
 3893  374 1340 4053 3770 3741 2134  508  312 2117  735 2651 3577 2162
 1583 4760  452  489 1093   87 1570 3024]",0.03899240493774414
66,../geological_similarity/andesite/4459D.jpg,"[  572  2843  3486  3964  4939  2640 17437  2321  3876  3564   413  2581
  1136  1833  1341  4762  4257  4396  1672  4839  4168   655  1041  3679
  2100  3223  1181  2544  2647  3140   254  2623  3318  3815  3609  1617
  3683  2386  4141  1132    23  2086  2942  1342  2879   649  2761   918
  4422    51]",0.039998769760131836
67,../geological_similarity/schist/GX7BZ.jpg,"[27357 28929 25899 28478 25896 26118 25184 28625 25345 26160 29154 26372
 26718 28645 28326 25869 26760 28742 26155 28464 28050 25360 29361 28535
 26248 29085 29168 28226 29921 29225 29006 27720 25829 26897 28083 27074
 25992 25911 28899 27374 25612 26955 29089 26809 29673 25782 29858 27710
 25100 26303]",0.037999629974365234
68,../geological_similarity/marble/B74XD.jpg,"[11601 12795 10887 13134 10876 14479 12708 14764 14091 14487 11523 12252
 14019 14425 14247 11021 11087 12526 13906 12558 12452 14324 11972 14122
 12136 12559 14836 11545 11635 12266 10299 14494 12793 13160 13464 10769
 12566 11730 12889 10634 13805 10680 10057 14010 13386 14171 12897 11271
 13519 13503]",0.04200100898742676
69,../geological_similarity/gneiss/37689.jpg,"[ 5457  6560  8258 28922  7242  7306  8340 29678  7329 29232 27546  6247
  8730 27162 26584  8477 26211  8368  9822 27637  8421 29744 25477 28036
  9198 29136  7629 26241 28194  8006 29799 27801  6742 29635  5410 26938
 28348 25309 27079  7204 27706 28439 27777 27382 26540 25835 28292  5648
 27093 26329]",0.03800010681152344
70,../geological_similarity/schist/G4YPH.jpg,"[27227 28153 27674 25831 26426 28726 28441 28095 27782 28463 29899 26004
 29055 28157 26609 28184 28547 27597 26179 26752 28402 29053 29311 26613
 26839 26642 25004  6973 29186 29464 25451 25388 25774 25080 25998 27112
 25901 28702 29773 29589 26986 28595 28371 27406  9025 25400 28414 26454
 28550 26366]",0.03900003433227539
71,../geological_similarity/andesite/X26UR.jpg,"[4605 4694  829 4717 4274  446 1593 3233 4319 3373 1537 2010 3931 3716
 4150  230 4939  520  579  921 1726 3329 3026 1022 4907 2661 1122 1677
 4877  618 1941 4858 2126  327  859 2067 4019 1703 2386 2946 3035 3087
 1399 3235 2525 3576 2405   94 4766 2728]",0.03799915313720703
72,../geological_similarity/rhyolite/C0V9N.jpg,"[21694 21582 21411 20187 22945 20428 20742 21764 23076  4305 23781  4917
 20604 20891  2978 22676  1102   345  2361  1544 24224 23275 21669  4799
 24377 22877 22306  4895 20773 22678   481 21592 21721 22577 21087 20424
 24155  2101   363 22349 22936 20245 24102 22329 22385   256  4793 24891
  1177 20175]",0.040997982025146484
73,../geological_similarity/schist/R8XH0.jpg,"[28801 28924 27767 26729 29001 29452 25538 27182 26593 28911 27059 28975
 25225 29907 26492 28343 27828 26483 29659 26843 26739 29219 27855 26300
 28117 19129 27057 28073 28897 28391 27914 29503 28307 26133 28199 26578
 28369 27338 25450 29196 25718 28215 29223 28133 25504 28415 26490 25692
 25817 26277]",0.04052281379699707
74,../geological_similarity/quartzite/IBRM8.jpg,"[17538 16066 17685 19497 18484 17634 17531 17936 16290 16550 16096 17604
 16164 15176 15974 15929 17854 17980 17122 16681 17353 19374 18196 17737
 18369 18753 16781 17550 19495 17694 17443 16065 19692 16507 19864 15102
 16446 16094 16557 15651 18072 17567 19930 15632 17259 15875 16050 19809
 17459 15748]",0.03999686241149902
75,../geological_similarity/rhyolite/ATXIR.jpg,"[21513 20189 24939 23288 20933 20712 21190 20877 23132 23394 23037  2071
 20728 24318 24083 23627 24622 22345 21693 23969 21414 24710  2373 24424
 20645 21609 24026 23320  3657  2978 20247 21025 23568 22680 24691 21031
 22310 21763 23659 21501 24934 22036 23741 23854 23354 20457  4305 22456
 20492 24932]",0.047000885009765625
76,../geological_similarity/quartzite/KGL17.jpg,"[17831 17662 16711 18765 18162 18289 17398 18282 15763 16153 18626 18676
 17584 16962 18575 15350 18311 19256 16370 17794 19501 19143 16105 16405
 18891 17752 15192 16947 15731 19506 19078 15893 16002 19712 15774 17101
 17452 17338 19425 18515 19490 19463 18164 19526 18248 16306 18652 19851
 15414 17357]",0.03999662399291992
77,../geological_similarity/andesite/NOUU7.jpg,"[3261 4291 2008 4079 1335  520 2000 1247 1074 1694 1629  618 2383 2946
  347 4786  610  327  124 3737 4840 4858 4019  531 3582 4054  319 2866
 3003 2572 3329 1106 3576 1055 4268 2635  332  921 4881 1338 4914 4328
 4143  517 3021 2627 3174 2201 3931 1750]",0.038999319076538086
78,../geological_similarity/quartzite/1HECR.jpg,"[15177 17945 19225 17370 16044 18775 19932 17452 15754 16459 15828 15224
 15605 16659 19604 18333 16060 18293 16364 19925 18320 18732 18375 17766
 18915 17009 19377 16887 17878 19712 18277 18483 16258 15517 17831 17092
 17758 19214 17338 19182 16709 18536 17989 17751 19425 19506 19375 15372
 15812 18515]",0.037999868392944336
79,../geological_similarity/marble/DT3DN.jpg,"[11993 11230 14913 10868 14647 11447 11714 11060 14293 12148 13446 14563
 13922 13445 14060 12727 10878 11364 14800 12279 13100 12100 11200 12761
 13278 10659 14620 14016 12173 14664 11363 11987 10271 13960 10056 10347
 13260 11290 14848 14715 10998 14543 10429 11366 14454 10738 10770 11353
 11753 14469]",0.038999319076538086
80,../geological_similarity/marble/IDQN2.jpg,"[12640 11242 13523 14456 14801 12201 11146 14508 11452 12098 13737 13349
 14768 10681 14466 14762 13330 12068 14666 13202 12489 14105 10176 10619
 14809 13970 12802 10446 14116 10964 12634 10985 12672 13641 13592 11743
 10209 10325 12955 14419 13886 10557 10525 12208 13826 12302 10333 14589
 14035 13909]",0.04499626159667969
81,../geological_similarity/schist/HN9MP.jpg,"[27439 28354 27800 28312 29616 27291 28017 27049 25269 29198  6767  6752
  9755  9780  6223 26512 25053  9948 28754  9914 29785  7351  8032  8505
 28850 25806 29886  6139  6556  5776  6686  9594  6558  5756  8928  9713
  9020 29524  6076  8756  8735  9505  6264 25671  7825  7967  7564  8270
  9226  7811]",0.03799748420715332
82,../geological_similarity/quartzite/LTJH2.jpg,"[18009 16016 16457 15183  2213 16871 18813 18740 15651 17131 19330 15823
 15853 17441   369 17108 16823  3384 19687 16602 15501 15579 18298 18978
 19142  4524 17574 19543 17775  3400 16065 17254  1527 19412 17159  1858
  2187 18196  3968 15290 17719 18753 17567  2256 17767 16681 18981  2992
  4829 17127]",0.04300236701965332
83,../geological_similarity/rhyolite/8MDHP.jpg,"[21208  3553  3598   243  4242  3107  4042 22372  1428 24374   204  3586
 21612  1976 20967  2914  3606  4195   377 20573   321   525  3514 19849
  4510  2199  4405 17504  4408   199  4969  4532  4186   930  3351  1147
  1003  1061  4838  2066  3953  4457  4359 23123  4345  4021 24966  1539
  4420  4251]",0.042999982833862305
84,../geological_similarity/schist/63E5B.jpg,"[25831 28441 28153 27674 29055 26426 28726 28463 27227 26179 28184 28547
 27597 26752 26609 29053 26004 28095 27782 26839 29899 28402 25004 28157
 29186 29311 25901 29464 26642 26613 27406 26454 25388 27112 25080 25774
 29773 28371 29118 26986 25998  9025 28702 25889 28595 29589 26100  6973
 25451 25400]",0.037998199462890625
85,../geological_similarity/gneiss/01NQL.jpg,"[ 5007 29428 25694 26438  7603  9058 25537  7021 28685  6465  7913  9511
  5272  6022  6865  7920 25977  9735 27396 29729  9842 26788  6287 28889
 28658  5889  5124  5261  8907 27205 29909 29686 28014 28861  8724  5388
  5782 26954 26464  7011  9070  9891  8149 27228  7008 26982 26177 27263
  7046 25924]",0.046999454498291016
86,../geological_similarity/marble/FAV3U.jpg,"[12206 13113 13987 10265 13116 14527 11797 12781 11991 10528 11526 12941
 11369 11722 11990 12571 11388 11089 14554 11159 11077 14860 13553 13861
 13860 12841 13045 10439 13711 10317 11384 13655 10166 14791 12635 13016
 10938 14733 14485 11080 13988 14478 11583 11484 14138 14568 14200 12542
 13634 10199]",0.048000335693359375
87,../geological_similarity/schist/J5EAS.jpg,"[27638 29418 26970 28969 26074 25907 26580 27360 26668 29019 28610 26635
 29792 29783 26050 29549 26742 25367 29004 28424 26886 28377 26667 29281
 29337 27272 28067 27110 27520 28235 25654 26472 28542 25746 25914 25044
 27134 29227 25630 26955 28664 25992 29554 26524 27994 28713 25238 28789
 25447 28193]",0.04899930953979492
88,../geological_similarity/rhyolite/TI3O3.jpg,"[24108 23635 21621 24147 21862 23831 21830 20043 21534 22663 24410 23383
  3212 20661 20187 21928 20031 21647  3141 23724 20930 23605 24047   588
 24607 24210 20543 26491 21332 22878 21806 23220 22159 20498 24267 22649
 20399 24448 24658 22304 24869 21582 21977 22014 24659 22734 24766 24967
  1392  2334]",0.04000091552734375
89,../geological_similarity/marble/XAKLG.jpg,"[14629 13307 10086 14151 14373 12247 10427 14754 13497 14011 11700 14755
 12896 11840 12776 13628 10835 11326 13430 10127 14050 14332 14137 14337
 10409 11427 13951 12687 12965 10771 14001 13743 12534 11703 14581 12637
 11327 13953 11882 10303 12603 14131 13849 13556 10293 10289 13063 11951
 11075 10728]",0.03999829292297363
90,../geological_similarity/marble/WR9FH.jpg,"[14560 11490 10176 14809 14105 12787 14762 13826 11939 10430 12802 11682
 10469 14868 13938 12554 14419 12762 14466 14917 14263 10619 12489 13716
 12098 11967 13830 14456 12050 10682 14202 10209 12426 13970 10152 11430
 14116 11716 12740 10974 13110 10702 10457 13617 13876 14508 14589 11445
 13063 12228]",0.04100155830383301
91,../geological_similarity/andesite/0PVZK.jpg,"[ 107 1115 2433 1118 4795  306 4172 3766 3213 1600 3430 4468  490  727
 1466 3177 3960 1576 3807 4053  390 1733 4727 2879 2578 2142 1945 2117
 1109 2910 1412 1923 1672 2909 2700  374 3076 2134 4398 3024 2631 4757
 4817 3137 4145 4941 3270 3789 2990 2674]",0.041008949279785156
92,../geological_similarity/schist/2K2OG.jpg,"[25359 28449 27488 25821 25258 12030 12914 27784 14210 29878 29310 12923
 11302 14516  7861 25857 28015 27649 11658 14945 27169 13960 11396 11311
 12477 25818 10429 27951 26978 13910 13446 11238 27498 11372 14647 11493
 12727 11057 14488 13460 29838 10014 25383 29519 14620 14016 13461 12843
 13631 13577]",0.037995100021362305
93,../geological_similarity/andesite/CJJ4E.jpg,"[ 1779 15715  4530  2359   650   248 15873  2236  3713  2755  3603  4943
 18459  3173 16354  3029 17618  2192 18707 18927  1455   500 17558 16934
  1151   535  2143  2615   863  3238  1631  2414  1932  2754   889  3944
   787  4391  1918  4072  2663  4451  2644 18066  3987  4938  3512  3429
  1119  3936]",0.040001630783081055
94,../geological_similarity/rhyolite/N25C3.jpg,"[23265 22321 21372 22160 21579 24371 20682 23793 20361 20870 24227 24552
 23331 21288 22379 23963 20005 22794 21558 21298 20974 20198 23058 21468
 24066 24711 20120 22190 20557 20156 20690 20831 22418 20377 23571  2998
 24677  3855 22067 23367 24196 23153 21703 22247 21284 24185 23438 24636
 24683  4513]",0.032999277114868164
95,../geological_similarity/schist/4CEIR.jpg,"[25598 28136 29306 26652 25780 29406 26087 29252 28412 25912 26494 27201
 29435 28087 27203 27039 25504 26599 26654 27289 28137 26278 26996 26392
 26133 25037 29480 26662 27550 28041 25502 26176 28369 28442 28734 25381
 25770 26134 28415 27512 27970 27223 19401 25553 26842 28223 25888 26448
 25813 28231]",0.0390019416809082
96,../geological_similarity/marble/WR9FH.jpg,"[14560 11490 10176 14809 14105 12787 14762 13826 11939 10430 12802 11682
 10469 14868 13938 12554 14419 12762 14466 14917 14263 10619 12489 13716
 12098 11967 13830 14456 12050 10682 14202 10209 12426 13970 10152 11430
 14116 11716 12740 10974 13110 10702 10457 13617 13876 14508 14589 11445
 13063 12228]",0.04395890235900879
97,../geological_similarity/marble/TCUV3.jpg,"[14135 13689 11665 14332 14868 11465 14857 10155 12561 14704 10289 12457
 12522 12747 14995 11498 12762 12445 14706 10000 13729 13869 14841 13063
 12896 10326 14180 14011 12796 13936 11841 10779 10430 13802 11852 13213
 10333 11009 12228 14589 14151 10457 13241 12012 12862 14925 14917 13035
 10702 10751]",0.038001298904418945
98,../geological_similarity/rhyolite/N7T32.jpg,"[23299 20803 24562 24802 21018 23906 20641 20852 23786 24335 21574 20154
 23789 22976 22655 21684 20206 23880 23422 20973 23119 21788 24146 22703
 24749 21475 23856 23915 21561 24029 21428 24895 22748 21121 21204 20060
 24884 21786 21840 24571 24110 21010 21362 21251 23307 23672 21210 24148
 23697 20526]",0.04099726676940918
99,../geological_similarity/rhyolite/LFRK2.jpg,"[23022 21406 22778 22360 24042 23887 20286 22894 23581 21384 22698 22099
  1622 20823 20150 20939 20391 24859 23647 21803 22686 22659 24419 22829
 23563 24285  1888 20088 24346 23660 22240  2538 20319  2050 21280 23625
 22904 21596 23828 21003   855 24668 24578 23673 24014 22133 24447 21299
 20427 21836]",0.03699469566345215
